x0,y0,ODIL_loss
0.05,0.05,0.0002760364078392899
0.05,0.1,0.0002809202071522004
0.05,0.15,0.0002875061652918859
0.05,0.2,0.0002927662494832097
0.05,0.25,0.0002967844149592379
0.05,0.3,0.00030486870942821254
0.05,0.35,0.00030306932918810293
0.05,0.4,0.00029440292467671
0.05,0.45,0.0002802446420364421
0.05,0.5,0.00028754991842765577
0.05,0.55,0.0003022056142297996
0.05,0.6,0.0003128862323871146
0.05,0.65,0.00032077185007802736
0.05,0.7,0.0002957675094802966
0.05,0.75,0.0002776203921527947
0.05,0.8,0.00027143704363483134
0.05,0.85,0.00026664769192835203
0.05,0.9,0.0002610688006892197
0.05,0.95,0.00026448631526178817
0.1,0.05,0.0002854580633276995
0.1,0.1,0.0002921200453153334
0.1,0.15,0.00029032420044431827
0.1,0.2,0.0003075824031558123
0.1,0.25,0.0003127251990344911
0.1,0.3,0.0003048203637009187
0.1,0.35,0.0003026727030964279
0.1,0.4,0.0002915406810998393
0.1,0.45,0.00027885890890740376
0.1,0.5,0.00027427247952629654
0.1,0.55,0.0002887369605616907
0.1,0.6,0.0003348554373666332
0.1,0.65,0.00046993501561291476
0.1,0.7,0.0004385320097219369
0.1,0.75,0.0003926370117783997
0.1,0.8,0.0002697269349926443
0.1,0.85,0.0002662533386041152
0.1,0.9,0.00025981377915477424
0.1,0.95,0.0002579848725408386
0.15,0.05,0.0002898353014738698
0.15,0.1,0.0002932770232363584
0.15,0.15,0.0002996039545475268
0.15,0.2,0.00044129683473078394
0.15,0.25,0.0004101864070049664
0.15,0.3,0.0003056446688087579
0.15,0.35,0.00030392764256903005
0.15,0.4,0.00028447346403378984
0.15,0.45,0.0002750934605095266
0.15,0.5,0.0002706460332745802
0.15,0.55,0.00029148413082886803
0.15,0.6,0.0004826395187747981
0.15,0.65,0.00040344224312113895
0.15,0.7,0.00035119412752848277
0.15,0.75,0.0004149265464539306
0.15,0.8,0.00028954642607614676
0.15,0.85,0.0002664152457190303
0.15,0.9,0.0002722984206319996
0.15,0.95,0.0002677317555388282
0.2,0.05,0.0003273398420785462
0.2,0.1,0.00032558984778874447
0.2,0.15,0.0003390300464650495
0.2,0.2,0.0004536269570001511
0.2,0.25,0.0004271312758738843
0.2,0.3,0.00030077873641660004
0.2,0.35,0.0003020983842104974
0.2,0.4,0.0002714272881532202
0.2,0.45,0.00026925245467834157
0.2,0.5,0.0002715804709198909
0.2,0.55,0.0002786768793819728
0.2,0.6,0.00042735681714096675
0.2,0.65,0.0003495547627774524
0.2,0.7,0.00034186118731250817
0.2,0.75,0.0003054705614656868
0.2,0.8,0.00031476349841224363
0.2,0.85,0.0003008757193467887
0.2,0.9,0.00028390440210445517
0.2,0.95,0.00029555458142722013
0.25,0.05,0.0003888524169208497
0.25,0.1,0.00039533902212955283
0.25,0.15,0.00033704246701120674
0.25,0.2,0.0003096464712507936
0.25,0.25,0.0002956757717927826
0.25,0.3,0.00023255896210469022
0.25,0.35,0.0002357465247912706
0.25,0.4,0.000247265918761569
0.25,0.45,0.000258055555836477
0.25,0.5,0.00026530314520563136
0.25,0.55,0.00027724577087791615
0.25,0.6,0.0003419777445037779
0.25,0.65,0.00033831240351880345
0.25,0.7,0.00033599032596079523
0.25,0.75,0.00028375086788768727
0.25,0.8,0.0003222364806309417
0.25,0.85,0.0003227651279588498
0.25,0.9,0.00031289977136665246
0.25,0.95,0.0003067803424557517
0.3,0.05,0.00041572790087756337
0.3,0.1,0.00038262862043850286
0.3,0.15,0.000238644068620947
0.3,0.2,0.0001812009268810331
0.3,0.25,0.0001882260479935489
0.3,0.3,0.0001933966712428005
0.3,0.35,0.0002041856380776545
0.3,0.4,0.0002293399929056315
0.3,0.45,0.0002486762750126756
0.3,0.5,0.0002574380027654512
0.3,0.55,0.0002773028149980278
0.3,0.6,0.0003385723632598875
0.3,0.65,0.00034760118384361325
0.3,0.7,0.000340844548670802
0.3,0.75,0.0002871655348402649
0.3,0.8,0.00032449452911512047
0.3,0.85,0.000325166966425025
0.3,0.9,0.0003195977589721858
0.3,0.95,0.0003183712288185078
0.35,0.05,0.0004389961088870685
0.35,0.1,0.00024393736654925718
0.35,0.15,0.00016886448163753198
0.35,0.2,0.0001675747969627779
0.35,0.25,0.0001694349527438918
0.35,0.3,0.0001830902550455778
0.35,0.35,0.0001987355645169603
0.35,0.4,0.0002187147394649632
0.35,0.45,0.0002365799616406801
0.35,0.5,0.0002506759207119527
0.35,0.55,0.0002838790489531431
0.35,0.6,0.0003599131826527219
0.35,0.65,0.00035758359405393676
0.35,0.7,0.0003367135212428467
0.35,0.75,0.0003549670632415385
0.35,0.8,0.00034981372616583686
0.35,0.85,0.0003115845158071463
0.35,0.9,0.0002889503107883049
0.35,0.95,0.00030501245907460387
0.4,0.05,0.0002777132349556909
0.4,0.1,0.00016846685113623523
0.4,0.15,0.00015578224656371943
0.4,0.2,0.0001548098282709436
0.4,0.25,0.00015741014710064162
0.4,0.3,0.0001694410654607518
0.4,0.35,0.0001859210559166765
0.4,0.4,0.00020690980466233627
0.4,0.45,0.00022702495287560022
0.4,0.5,0.00025645657305247826
0.4,0.55,0.00032776245872226996
0.4,0.6,0.0003425723642264537
0.4,0.65,0.000334960581289193
0.4,0.7,0.00032631936749689787
0.4,0.75,0.0003509590574077593
0.4,0.8,0.0003307628732841149
0.4,0.85,0.0003068511952487964
0.4,0.9,0.0003014511189914058
0.4,0.95,0.00029861626146245203
0.45,0.05,0.00019767983109765722
0.45,0.1,0.00016133945284143902
0.45,0.15,0.00014593314966538368
0.45,0.2,0.0001375931853395609
0.45,0.25,0.0001358275998452451
0.45,0.3,0.00014745580193870528
0.45,0.35,0.0001680141250596905
0.45,0.4,0.0001824419156534409
0.45,0.45,0.0002184405971549198
0.45,0.5,0.00030613196778051275
0.45,0.55,0.0003497265070545707
0.45,0.6,0.0003418021964471645
0.45,0.65,0.0003178911478536917
0.45,0.7,0.00032839065009226243
0.45,0.75,0.0003321955977949936
0.45,0.8,0.000299940230503521
0.45,0.85,0.0003105931588746487
0.45,0.9,0.0003072432144970184
0.45,0.95,0.00029571999991524203
0.5,0.05,0.00018732089507814758
0.5,0.1,0.00015124703142892608
0.5,0.15,0.0001318360414610299
0.5,0.2,0.00011130927094687828
0.5,0.25,0.00010035856684336661
0.5,0.3,0.0001017939948701043
0.5,0.35,0.0001260987119934488
0.5,0.4,0.0001308348458895437
0.5,0.45,0.00019158086774521228
0.5,0.5,0.0002987279478099687
0.5,0.55,0.0003341156494757339
0.5,0.6,0.00033260785980690776
0.5,0.65,0.0003075519876086342
0.5,0.7,0.0003397603189986494
0.5,0.75,0.0003435418034706329
0.5,0.8,0.0003150161386506436
0.5,0.85,0.00031958538646725734
0.5,0.9,0.0003108049842769875
0.5,0.95,0.000290416944985719
0.55,0.05,0.0001709004080903987
0.55,0.1,0.0001318566630425245
0.55,0.15,0.00011578059590523898
0.55,0.2,9.365788318384149e-05
0.55,0.25,7.707231524802108e-05
0.55,0.3,7.08019430365423e-05
0.55,0.35,6.181401171964201e-05
0.55,0.4,0.00011023275245142132
0.55,0.45,0.00016292333470708858
0.55,0.5,0.0001912216700971301
0.55,0.55,0.0002757851889665607
0.55,0.6,0.0003122077866486942
0.55,0.65,0.0003078328154510489
0.55,0.7,0.0003477407717893103
0.55,0.75,0.0003485320820839945
0.55,0.8,0.0003361832606380886
0.55,0.85,0.0003620077740528697
0.55,0.9,0.0003716237497533767
0.55,0.95,0.00030474419476060074
0.6,0.05,0.000165251031468549
0.6,0.1,0.0001196750738367973
0.6,0.15,0.00010761677192606108
0.6,0.2,9.184384255008189e-05
0.6,0.25,7.315203800911591e-05
0.6,0.3,5.91169171129857e-05
0.6,0.35,4.8649395597187286e-05
0.6,0.4,0.00011576965525224261
0.6,0.45,0.0001592493902077737
0.6,0.5,0.00017734001663947453
0.6,0.55,0.0002767876267420289
0.6,0.6,0.0003123366872277224
0.6,0.65,0.0002941709337879534
0.6,0.7,0.00034178591254452307
0.6,0.75,0.0003287238009893245
0.6,0.8,0.0003029294951903544
0.6,0.85,0.0003359815872389189
0.6,0.9,0.0003520518017667487
0.6,0.95,0.000308996627945097
0.65,0.05,0.0001705670978016962
0.65,0.1,0.0001266183821460305
0.65,0.15,0.00011367965050220843
0.65,0.2,9.989291679357641e-05
0.65,0.25,8.111300567412414e-05
0.65,0.3,5.076253253210096e-05
0.65,0.35,4.173536645041571e-05
0.65,0.4,0.00010963827836229905
0.65,0.45,0.0001459052420213059
0.65,0.5,0.0001975628691592069
0.65,0.55,0.00028227886773733203
0.65,0.6,0.0003153608034936085
0.65,0.65,0.0003123607376478486
0.65,0.7,0.00034193772281240374
0.65,0.75,0.00033485809004381404
0.65,0.8,0.0003171397211493239
0.65,0.85,0.0003154709883913616
0.65,0.9,0.0003044449140721015
0.65,0.95,0.00029047959911285515
0.7,0.05,0.0001726941281282876
0.7,0.1,0.0001452978087255093
0.7,0.15,0.00012791779025846632
0.7,0.2,0.000116865144366468
0.7,0.25,9.976354482759759e-05
0.7,0.3,5.77802739756118e-05
0.7,0.35,7.981437568290597e-05
0.7,0.4,0.00012942447289309727
0.7,0.45,0.00016931256569072782
0.7,0.5,0.000246938889443233
0.7,0.55,0.0003033509824750491
0.7,0.6,0.0002936822978891908
0.7,0.65,0.0002911383916394941
0.7,0.7,0.00030665753743807
0.7,0.75,0.0003108741450814463
0.7,0.8,0.0003131179086020318
0.7,0.85,0.0003121520466475058
0.7,0.9,0.00029926928952612086
0.7,0.95,0.00027368623960856577
0.75,0.05,0.0001803423707145665
0.75,0.1,0.0001577909641780092
0.75,0.15,0.000139931084631243
0.75,0.2,0.00013764400077140459
0.75,0.25,0.0001243499319240178
0.75,0.3,0.0001235754614737416
0.75,0.35,0.0001531311721819264
0.75,0.4,0.000183559424546412
0.75,0.45,0.0002286474431149547
0.75,0.5,0.0002865145913155916
0.75,0.55,0.0003073329544996915
0.75,0.6,0.00029543403851105265
0.75,0.65,0.00029953187301197544
0.75,0.7,0.000300457521345363
0.75,0.75,0.0002967697503686012
0.75,0.8,0.0003092830411788787
0.75,0.85,0.0003198716693956733
0.75,0.9,0.0003961125856827972
0.75,0.95,0.0003249061962323523
0.8,0.05,0.0002209260101767948
0.8,0.1,0.00019903091547337782
0.8,0.15,0.0001830045705240627
0.8,0.2,0.0001932202933329964
0.8,0.25,0.0002057682173889711
0.8,0.3,0.000222505227488309
0.8,0.35,0.0002498238279738117
0.8,0.4,0.0002771859141869356
0.8,0.45,0.0003068079817275542
0.8,0.5,0.00030904305073400993
0.8,0.55,0.0003036762195818422
0.8,0.6,0.00029570705819698817
0.8,0.65,0.00029613310258239794
0.8,0.7,0.00029134936789243125
0.8,0.75,0.0002885761413186337
0.8,0.8,0.0003073469909818769
0.8,0.85,0.0003802270917670449
0.8,0.9,0.000547057674220668
0.8,0.95,0.00038074091080299923
0.85,0.05,0.0002779649426718681
0.85,0.1,0.0002702664696938839
0.85,0.15,0.00023790629116281908
0.85,0.2,0.00026253688317286997
0.85,0.25,0.00029246001500206917
0.85,0.3,0.00030153547440000216
0.85,0.35,0.0003103901867062698
0.85,0.4,0.00032386008148038194
0.85,0.45,0.00032496834466870256
0.85,0.5,0.00031544988539744854
0.85,0.55,0.0003059109604856735
0.85,0.6,0.0002957867650266143
0.85,0.65,0.0002880184136693287
0.85,0.7,0.0002869485292269359
0.85,0.75,0.00028057353181867205
0.85,0.8,0.0002736955465721997
0.85,0.85,0.00029204193019468814
0.85,0.9,0.00030716674150942335
0.85,0.95,0.00028270198730886645
0.9,0.05,0.0002835880708413657
0.9,0.1,0.00028584835266544053
0.9,0.15,0.0002790919968312503
0.9,0.2,0.0002812040208778006
0.9,0.25,0.0003206407385258977
0.9,0.3,0.00033281518489840055
0.9,0.35,0.00033295515383879057
0.9,0.4,0.0003258274510271143
0.9,0.45,0.0003241641164020011
0.9,0.5,0.0003275402089651974
0.9,0.55,0.0002975551770855418
0.9,0.6,0.00028535308848545916
0.9,0.65,0.0002831594799241881
0.9,0.7,0.0002845248808635648
0.9,0.75,0.00027912206127845
0.9,0.8,0.0002737637992818071
0.9,0.85,0.0002715038178337692
0.9,0.9,0.0002663841284135089
0.9,0.95,0.00027477012206709
0.95,0.05,0.0002862805676316404
0.95,0.1,0.0002901136528175314
0.95,0.15,0.00029046723748240563
0.95,0.2,0.0002793935627487356
0.95,0.25,0.0003253454663250106
0.95,0.3,0.0003388454861113443
0.95,0.35,0.0003297896724530569
0.95,0.4,0.0003037526179530442
0.95,0.45,0.0002946441715394421
0.95,0.5,0.0003160382117847532
0.95,0.55,0.0003252189501677976
0.95,0.6,0.0003203772990213048
0.95,0.65,0.00028337497846015565
0.95,0.7,0.0002820393984544462
0.95,0.75,0.00027730880415085347
0.95,0.8,0.0002720040084951129
0.95,0.85,0.00027221501947032815
0.95,0.9,0.0002693141863925469
0.95,0.95,0.0002724087209726802
