t,bead0x,bead0y,bead0z,bead1x,bead1y,bead1z,omega0,omega1,omega2,omega3,omega4,policy,input0,input1
0.158042,0.311143,0.324134,0.470053,0.31758,0.737361,0.526724,-0.336968,-0.984347,-0.685051,-0.518247,0.249131,3,0,1
0.455541,0.312183,0.322525,0.47881,0.31758,0.737361,0.526724,-0.214873,-0.990065,-0.565939,-0.310335,0.108814,3,0,1
0.752419,0.310863,0.323557,0.478132,0.315558,0.735002,0.526382,-0.257556,-0.989249,-0.50715,-0.353795,0.269451,3,0,1
1.04976,0.31487,0.32339,0.484949,0.315558,0.735002,0.526382,-0.159447,-0.994261,-0.367249,-0.251346,0.292482,3,0,1
1.34332,0.31487,0.32339,0.484949,0.31758,0.737361,0.526724,-0.150784,-0.994041,-0.428905,-0.19774,0.304769,3,0,1
1.64468,0.318294,0.327494,0.489702,0.317111,0.736273,0.519911,-0.268564,-0.995686,-0.0542983,-0.449625,0.751772,3,0,1
2.14082,0.323289,0.324342,0.481831,0.315081,0.733904,0.519581,-0.272681,-0.99499,-0.295259,-0.752167,-0.0194591,3,0,1
2.60815,0.324935,0.32388,0.474384,0.312119,0.73451,0.512578,-0.340472,-0.995647,-0.473914,-0.896054,0.276041,3,0,1
3.09414,0.326473,0.325657,0.48082,0.311675,0.735678,0.532331,0.0793947,-0.996692,-0.581051,-0.386231,0.0120468,3,0,1
3.38916,0.326473,0.325657,0.48082,0.309038,0.735511,0.538275,0.297984,-0.997431,-0.734608,-0.218548,0.173233,3,0,1
3.68982,0.326828,0.326244,0.472816,0.309038,0.735511,0.538275,0.115022,-0.996412,-0.788441,-0.413793,-0.102334,3,0,1
3.98506,0.327237,0.328926,0.479482,0.311966,0.734921,0.545052,0.249126,-0.996861,-0.732319,0.0484129,0.167339,3,0,1
4.28324,0.326117,0.32984,0.479751,0.311966,0.734921,0.545052,0.213421,-0.996792,-0.705722,0.05456,0.217792,3,0,1
4.51272,0.326284,0.330567,0.470848,0.314879,0.734327,0.551828,0.119224,-0.995392,-0.828813,0.144283,-0.146629,3,0,1
4.74194,0.325153,0.331481,0.471064,0.318948,0.735488,0.539998,-0.111351,-0.993315,-0.679116,-0.0969285,-0.241405,3,0,1
5.04273,0.323047,0.334059,0.46258,0.319275,0.737595,0.533563,-0.317033,-0.988996,-0.665796,-0.604083,-0.00887705,3,0,1
5.33984,0.321729,0.335104,0.46193,0.319275,0.737595,0.533563,-0.33675,-0.987733,-0.665993,-0.620151,0.129163,3,0,1
5.63503,0.321395,0.334474,0.469999,0.320957,0.737827,0.540355,-0.153856,-0.992277,-0.652369,-0.0458799,-0.0865709,3,0,1
5.83514,0.320263,0.335386,0.470208,0.319275,0.737595,0.533563,-0.237956,-0.990649,-0.527053,-0.35248,0.201036,3,0,1
6.13654,0.320263,0.335386,0.470208,0.320837,0.738866,0.527153,-0.301156,-0.989405,-0.561245,-0.54488,0.48333,3,0,1
6.42877,0.318949,0.33643,0.469571,0.320837,0.738866,0.527153,-0.318075,-0.98825,-0.581364,-0.546608,0.624393,3,0,1
6.65672,0.320089,0.335523,0.469424,0.320837,0.738866,0.527153,-0.310916,-0.988992,-0.578106,-0.5622,0.50333,3,0,1
7.01814,0.322708,0.333433,0.470637,0.320837,0.738866,0.527153,-0.280687,-0.99104,-0.548901,-0.564478,0.178044,3,0,1
7.2871,0.32384,0.33252,0.470424,0.32252,0.739094,0.533999,-0.195204,-0.991355,-0.608747,-0.282376,-0.19277,3,0,1
7.51897,0.32384,0.33252,0.470424,0.319275,0.737595,0.533563,-0.204237,-0.992259,-0.577732,-0.389853,-0.142782,3,0,1
7.78709,0.325153,0.331481,0.471064,0.32252,0.739094,0.533999,-0.176762,-0.991932,-0.619087,-0.282849,-0.262796,3,0,1
8.07796,0.322708,0.333433,0.470637,0.322862,0.741217,0.527529,-0.266937,-0.991166,-0.576587,-0.512202,0.134065,3,0,1
8.37496,0.321916,0.334981,0.46286,0.322862,0.741217,0.527529,-0.356172,-0.988053,-0.710004,-0.646415,0.354312,3,0,1
8.5714,0.322954,0.336221,0.476478,0.325652,0.740335,0.534833,-0.14428,-0.991987,-0.522579,0.050935,0.163226,3,0,1
8.87065,0.322954,0.336221,0.476478,0.32688,0.73949,0.534894,-0.161507,-0.990814,-0.531299,0.0915894,0.128061,3,0,1
9.1016,0.322954,0.336221,0.476478,0.329586,0.739659,0.528957,0.600655,0.971485,-0.963037,-0.720712,-0.724743,3,1,0
9.37317,0.322954,0.336221,0.476478,0.327238,0.741611,0.528441,0.58428,0.967643,-0.962791,-0.740963,-0.702253,3,1,0
9.62898,0.320481,0.343038,0.46702,0.330546,0.742041,0.542104,0.733377,0.99392,-0.971812,-0.397924,-0.904091,3,1,0
9.92666,0.312089,0.350671,0.456924,0.333121,0.744591,0.561764,0.800609,0.997616,-0.979355,-0.061631,-0.964803,3,1,0
10.2211,0.307917,0.35796,0.454807,0.334734,0.744793,0.568397,0.82145,0.998064,-0.982768,0.0361285,-0.972699,3,1,0
10.5212,0.3004,0.369907,0.435173,0.339012,0.745172,0.569339,0.829391,0.998738,-0.989746,0.155317,-0.988489,3,1,0
11.0204,0.293434,0.393487,0.441995,0.346786,0.742807,0.570868,0.877502,0.998998,-0.995105,0.169321,-0.99143,3,1,0
11.4419,0.285168,0.41745,0.426069,0.351357,0.739003,0.571822,0.892945,0.999335,-0.997941,0.0996657,-0.995436,3,1,0
11.7094,0.27986,0.436502,0.402974,0.35517,0.737334,0.578868,0.906886,0.999487,-0.998678,0.110329,-0.996913,3,1,0
11.9734,0.277414,0.453863,0.40453,0.357601,0.736398,0.566766,0.910568,0.999524,-0.999367,-0.0707046,-0.997805,3,1,0
12.2696,0.274582,0.477142,0.396536,0.362528,0.734417,0.561835,0.913216,0.999581,-0.999654,-0.178828,-0.998602,3,1,0
12.5692,0.271793,0.500602,0.388985,0.369005,0.732165,0.575635,0.924578,0.999641,-0.999632,0.0528349,-0.998676,3,1,0
12.7637,0.268338,0.522171,0.374066,0.37077,0.728262,0.58214,0.937236,0.999703,-0.999596,0.211846,-0.998822,3,1,0
13.0643,0.268805,0.546165,0.374558,0.375833,0.726481,0.577018,0.948458,0.999735,-0.999496,0.350771,-0.998624,3,1,0
13.356,0.270375,0.577422,0.357851,0.377879,0.72345,0.571003,0.967177,0.99978,-0.999508,0.246279,-0.998083,3,1,0
13.6549,0.279082,0.601606,0.368595,0.382442,0.71965,0.57192,0.978284,0.999812,-0.99932,0.353058,-0.995243,3,1,0
13.8832,0.280418,0.620297,0.373291,0.381322,0.715141,0.565275,0.986035,0.999835,-0.999214,0.290042,-0.989888,3,1,0
14.0879,0.288173,0.634031,0.378327,0.385257,0.714161,0.559924,0.991335,0.999853,-0.99897,0.250885,-0.974823,3,1,0
14.3184,0.29304,0.649907,0.368315,0.389097,0.712761,0.566831,0.997247,0.99989,-0.997374,0.149321,-0.766874,3,1,0
14.6121,0.302058,0.669074,0.366562,0.393668,0.708952,0.567736,0.998741,0.999909,-0.995248,-0.0279669,-0.10309,3,1,0
14.91,0.308394,0.681295,0.381125,0.395046,0.708474,0.555579,0.998935,0.999901,-0.995122,-0.0121738,0.22231,3,1,0
15.2069,0.307869,0.692884,0.372292,0.396265,0.707607,0.555678,0.999228,0.99993,-0.993714,-0.288071,0.676287,3,1,0
15.5034,0.306495,0.701021,0.363317,0.397661,0.702325,0.555996,0.999286,0.999937,-0.9935,-0.445617,0.814848,3,1,0
15.7064,0.30202,0.699694,0.378351,0.395062,0.698074,0.561711,0.999343,0.999921,-0.991942,0.0141737,0.800381,3,1,0
16.0027,0.291915,0.701286,0.38413,0.395062,0.698074,0.561711,0.999292,0.999896,-0.991971,0.291839,0.754063,3,1,0
16.295,0.283534,0.706046,0.375039,0.395215,0.692566,0.555186,0.999359,0.999912,-0.992196,0.130912,0.851988,3,1,0
16.5247,0.282266,0.707269,0.374366,0.396899,0.688748,0.561846,0.999417,0.999909,-0.990744,0.278135,0.873606,3,1,0
16.755,0.279508,0.707178,0.381537,0.395247,0.686831,0.548891,0.999347,0.999895,-0.992619,0.255197,0.859537,3,1,0
17.05,0.274952,0.708931,0.373012,0.392362,0.681078,0.548503,0.999331,0.999905,-0.992785,0.0748614,0.880596,3,1,0
17.3538,0.272223,0.708832,0.380203,0.390084,0.677182,0.541889,0.99928,0.999888,-0.993491,0.1321,0.871749,3,1,0
17.6531,0.263627,0.711388,0.378882,0.389301,0.673951,0.541578,0.999319,0.999874,-0.993091,0.272143,0.90004,3,1,0
17.9452,0.261692,0.712518,0.393855,0.384727,0.66735,0.547336,0.999318,0.999842,-0.992139,0.620674,0.871143,3,1,0
18.2428,0.259233,0.716868,0.385484,0.385546,0.664694,0.54157,0.9994,0.999852,-0.991894,0.478641,0.937953,3,1,0
18.5401,0.26127,0.717202,0.393267,0.383976,0.658206,0.541093,0.999404,0.99984,-0.99156,0.564985,0.937004,3,1,0
18.7677,0.26127,0.717202,0.393267,0.379911,0.657957,0.52766,0.999263,0.999823,-0.994445,0.298006,0.943855,3,1,0
18.9705,0.260104,0.720682,0.38484,0.376456,0.65498,0.520693,0.999164,0.999835,-0.996392,-0.173556,0.969703,3,1,0
19.2047,0.258296,0.723993,0.392053,0.378812,0.653028,0.521161,0.999275,0.99981,-0.995346,0.186508,0.981384,3,1,0
19.4961,0.253116,0.725938,0.398435,0.374791,0.64819,0.520812,0.999314,0.999771,-0.994749,0.380205,0.984789,3,1,0
19.7933,0.246721,0.729086,0.404109,0.371311,0.645155,0.513892,0.999266,0.999716,-0.995118,0.412439,0.99199,3,1,0
20.0909,0.245437,0.729962,0.404135,0.369909,0.639834,0.520884,0.999337,0.999699,-0.99389,0.536834,0.989219,3,1,0
20.3877,0.24495,0.730054,0.418671,0.368166,0.637681,0.507344,0.999113,0.999602,-0.995066,0.534684,0.992785,3,1,0
20.6833,0.247055,0.73259,0.418737,0.370005,0.633927,0.514532,0.999262,0.999605,-0.993643,0.622488,0.993536,3,1,0
20.9835,0.247055,0.73259,0.418737,0.366697,0.630833,0.494497,0.998657,0.999546,-0.995361,0.0642955,0.997834,3,1,0
21.2143,0.247875,0.734059,0.425629,0.367869,0.629732,0.495022,0.998578,0.99944,-0.994327,0.228397,0.998154,3,1,0
21.4774,0.244095,0.736996,0.425016,0.365317,0.625489,0.501808,0.998892,0.999429,-0.993812,0.408785,0.998389,3,1,0
21.7413,0.243658,0.739304,0.431886,0.360266,0.621604,0.488055,0.9977,0.998935,-0.993739,0.0247586,0.998927,3,1,0
22.0346,0.239929,0.742575,0.430618,0.358235,0.619119,0.488078,0.997719,0.998658,-0.993187,-0.010421,0.999245,3,1,0
22.3338,0.239091,0.744828,0.451512,0.355889,0.61501,0.481168,0.993855,0.998397,-0.995787,0.107126,0.99664,3,1,0
22.6369,0.234978,0.745413,0.471853,0.352625,0.613398,0.481266,0.97141,0.997034,-0.997721,0.0891751,0.991812,3,1,0
22.9257,0.234599,0.745384,0.485408,0.350592,0.610898,0.481356,0.921683,0.99206,-0.997249,-0.180013,0.995576,3,1,0
23.1252,0.233378,0.743978,0.492381,0.348103,0.606671,0.488484,0.87237,0.987263,-0.996627,-0.0347003,0.996513,3,1,0
23.425,0.230617,0.745939,0.505062,0.344505,0.603393,0.481745,0.779257,0.97976,-0.994555,-0.700494,0.997099,3,1,0
23.6507,0.22825,0.745702,0.511306,0.342915,0.602603,0.474817,0.72442,0.973581,-0.993955,-0.915314,0.994812,3,1,0
23.9198,0.224443,0.746578,0.529897,0.338854,0.597574,0.475193,0.514924,0.930933,-0.990895,-0.980393,0.993938,3,1,0
24.1868,0.223917,0.744343,0.561726,0.335615,0.595939,0.461226,0.151055,0.676557,-0.991468,-0.998167,0.996741,3,1,0
24.4801,0.224437,0.74531,0.580401,0.33195,0.592594,0.468755,-0.0465394,0.395147,-0.986213,-0.998616,0.998995,3,1,0
24.7738,0.229888,0.738657,0.599749,0.331171,0.582993,0.47697,-0.171138,0.340725,-0.97423,-0.998037,0.999629,3,1,0
25.0716,0.236248,0.732796,0.613462,0.330376,0.572835,0.47234,-0.186661,-0.137536,-0.966276,-0.997643,0.999812,3,1,0
25.3708,0.246338,0.731894,0.626618,0.328362,0.563962,0.466596,-0.125434,-0.882415,-0.947614,-0.995139,0.99996,3,1,0
25.7064,0.254473,0.729056,0.639105,0.326367,0.554797,0.461596,-0.0120558,-0.965438,-0.926921,-0.990387,0.999979,3,1,0
25.9698,0.264029,0.724789,0.640974,0.326405,0.548123,0.456248,-0.00469579,-0.927205,-0.92587,-0.986574,0.999983,3,1,0
26.1949,0.270991,0.724738,0.647479,0.325197,0.542531,0.450264,0.209967,-0.939437,-0.92933,-0.957914,0.999989,3,1,0
26.4232,0.27725,0.723355,0.648492,0.325646,0.537957,0.451279,0.325847,-0.93137,-0.927094,-0.896844,0.999992,3,1,0
26.7236,0.287466,0.720721,0.655519,0.326096,0.533386,0.452312,0.474362,-0.931624,-0.917086,-0.746038,0.99999,3,1,0
27.0217,0.300172,0.717133,0.668966,0.324148,0.530602,0.453801,0.504892,-0.941116,-0.822602,-0.559672,0.999983,3,1,0
27.3196,0.310381,0.710325,0.676363,0.323691,0.528627,0.446589,0.305899,-0.59102,-0.605728,-0.62582,0.999973,3,1,0
27.6202,0.318673,0.707197,0.677783,0.32249,0.522937,0.440673,0.142011,-0.015715,-0.412111,-0.708243,0.99997,3,1,0
27.9115,0.325432,0.703715,0.673467,0.323312,0.519785,0.43413,-0.112844,0.670366,-0.466048,-0.880545,0.999974,3,1,0
28.2099,0.33672,0.70201,0.675194,0.32211,0.514027,0.428181,-0.340567,0.677447,-0.405355,-0.945215,0.99997,3,1,0
28.4362,0.346137,0.698098,0.676708,0.322064,0.507533,0.421283,-0.641773,0.684621,-0.481655,-0.98444,0.999942,3,1,0
28.8041,0.360854,0.699581,0.673535,0.323191,0.491072,0.419275,-0.774779,0.509668,-0.295921,-0.985639,0.999919,3,1,0
29.0718,0.37012,0.700064,0.664075,0.322856,0.481834,0.406707,-0.914549,0.542462,-0.6754,-0.996563,0.999817,3,1,0
29.3646,0.384705,0.700123,0.655524,0.324003,0.465417,0.404312,-0.957118,0.36096,-0.678474,-0.995503,0.999798,3,1,0
29.661,0.396991,0.700598,0.640822,0.322631,0.452361,0.416089,-0.965655,0.363119,-0.481711,-0.991408,0.999853,3,1,0
29.9586,0.409616,0.702259,0.632061,0.325722,0.430387,0.390679,-0.993008,0.646185,-0.895892,-0.989304,0.997613,3,1,0
30.3531,0.421966,0.705578,0.611134,0.32579,0.409266,0.398148,-0.996153,0.855624,-0.963034,-0.928814,0.988853,3,1,0
30.6527,0.432472,0.704488,0.613582,0.325871,0.39368,0.396846,-0.996708,0.940154,-0.992819,-0.627015,0.933661,3,1,0
30.878,0.438821,0.703019,0.615028,0.327647,0.382838,0.407742,-0.995785,0.95529,-0.994046,-0.343485,0.850785,3,1,0
31.1455,0.440311,0.706754,0.603545,0.325671,0.372016,0.413488,-0.995271,0.972742,-0.996104,-0.147531,0.724567,3,1,0
31.4105,0.443597,0.702666,0.597908,0.330461,0.360011,0.417366,-0.993224,0.973758,-0.997006,-0.0671352,0.0882673,3,1,0
31.708,0.444789,0.701803,0.598016,0.325628,0.348675,0.416048,-0.992732,0.976205,-0.99795,0.00673399,-0.376365,3,1,0
32.0041,0.442293,0.700903,0.585227,0.326624,0.341891,0.43436,-0.98033,0.982297,-0.996933,0.304516,-0.658288,3,1,0
32.3379,0.443513,0.698785,0.578815,0.318836,0.337115,0.431142,-0.986196,0.985465,-0.997833,0.336147,-0.551123,3,1,0
32.6309,0.442978,0.698881,0.559774,0.315552,0.335739,0.431928,-0.985743,0.989747,-0.998153,0.448894,-0.401736,3,1,0
32.8918,0.444867,0.698484,0.54729,0.309225,0.335093,0.448967,-0.972024,0.99031,-0.997203,0.733902,0.448201,3,1,0
33.1927,0.44417,0.703018,0.527525,0.305667,0.332365,0.467122,-0.943771,0.991318,-0.993197,0.671328,0.937981,3,1,0
33.4198,0.445263,0.701968,0.527887,0.309173,0.328764,0.476322,-0.940641,0.984887,-0.993541,0.763669,0.921341,3,1,0
33.65,0.443639,0.703176,0.507376,0.313758,0.324296,0.485195,-0.911391,0.964616,-0.973948,0.497835,0.987193,3,1,0
34.0523,0.437534,0.704031,0.485253,0.316379,0.319782,0.509065,-0.808538,0.989364,-0.878278,0.0773631,0.995861,3,1,0
34.3436,0.432142,0.698846,0.476682,0.320579,0.317812,0.530339,-0.807169,0.987355,-0.650411,-0.513085,0.998923,3,1,0
34.5792,0.429574,0.699363,0.46928,0.326022,0.317184,0.529552,-0.791932,0.988153,-0.714782,-0.653696,0.998669,3,1,0
34.8413,0.419591,0.693683,0.45966,0.330947,0.316176,0.535905,-0.766671,0.994625,-0.859798,-0.796006,0.998218,3,1,0
35.1758,0.407997,0.693534,0.449709,0.337082,0.314168,0.542646,-0.64853,0.997524,-0.784805,-0.937458,0.998613,3,1,0
35.4353,0.395385,0.685992,0.461686,0.340841,0.31404,0.548958,-0.572902,0.993619,-0.30712,-0.915478,0.996879,3,1,0
35.6672,0.386084,0.688707,0.438345,0.344572,0.313914,0.555224,-0.259,0.996653,-0.345588,-0.995465,0.999288,3,1,0
35.9367,0.376004,0.684188,0.436742,0.352881,0.314703,0.552899,-0.045808,0.99033,-0.100395,-0.995211,0.998824,3,1,0
36.196,0.365259,0.682816,0.427508,0.357048,0.315102,0.551764,0.384418,0.981185,-0.0710209,-0.996661,0.997396,3,1,0
36.4895,0.354269,0.680774,0.433192,0.368,0.31385,0.521399,0.573972,0.17315,0.040169,-0.895357,0.933145,3,1,0
36.7896,0.345908,0.676928,0.438891,0.375197,0.312887,0.513079,0.588154,-0.653736,0.0320165,-0.567732,0.322258,3,1,0
37.087,0.337946,0.674236,0.452628,0.377571,0.310987,0.513444,0.478328,-0.892677,0.332394,-0.543136,-0.687015,3,1,0
37.3828,0.33172,0.673255,0.444636,0.382924,0.307684,0.506512,0.673015,-0.942947,-0.162491,-0.447574,-0.876456,3,1,0
37.6805,0.333007,0.671779,0.459078,0.382273,0.309193,0.498332,0.4335,-0.831943,-0.147816,-0.455814,-0.9162,3,1,0
37.9781,0.335079,0.674275,0.459206,0.381754,0.310613,0.490667,0.424408,-0.885993,-0.262493,-0.503305,-0.887627,3,1,0
38.2054,0.340056,0.676386,0.466518,0.374312,0.313663,0.483031,0.203395,-0.721694,-0.197615,-0.45088,-0.914274,3,1,0
38.4719,0.342124,0.678866,0.466689,0.37132,0.317057,0.474858,0.0690118,-0.607716,-0.189033,-0.560293,-0.89712,3,1,0
38.7337,0.344194,0.681343,0.466879,0.366895,0.318659,0.460101,-0.0701811,-0.466627,-0.407707,-0.721368,-0.881699,3,1,0
39.0377,0.347976,0.684944,0.460057,0.359405,0.321694,0.452896,-0.229042,-0.519738,-0.802179,-0.809665,-0.545621,3,1,0
39.3302,0.349592,0.685404,0.467306,0.354476,0.325635,0.452078,-0.346218,0.209972,-0.686294,-0.804561,-0.42775,3,1,0
39.6271,0.349132,0.6834,0.47427,0.347594,0.327173,0.452706,-0.387972,0.944636,-0.720584,-0.74769,-0.1775,3,1,0
39.9253,0.347157,0.687423,0.466777,0.341612,0.327075,0.462115,-0.257249,0.941814,-0.73081,-0.715516,0.0521649,3,1,0
40.2206,0.34923,0.689891,0.467022,0.34048,0.328007,0.462426,-0.260323,0.940248,-0.714057,-0.724837,0.183247,3,1,0
40.4501,0.342281,0.691463,0.465713,0.337062,0.326762,0.462348,-0.251776,0.960108,-0.783297,-0.742757,0.215826,3,1,0
40.7187,0.34472,0.689443,0.466246,0.335919,0.327681,0.46253,-0.232181,0.979198,-0.831309,-0.729119,0.24834,3,1,0
40.9804,0.335694,0.68854,0.464745,0.338372,0.325721,0.462948,-0.202412,0.947681,-0.83972,-0.774977,-0.0646243,3,1,0
41.2777,0.332858,0.68853,0.471221,0.339688,0.324688,0.463612,-0.217141,0.930816,-0.765223,-0.759893,-0.21587,3,1,0
41.5738,0.327849,0.686487,0.46384,0.338145,0.32503,0.471942,0.0703757,0.662839,-0.83283,-0.815094,-0.383779,3,1,0
41.87,0.326735,0.686932,0.47747,0.337768,0.322307,0.46513,-0.187822,0.924408,-0.783282,-0.803278,-0.439319,3,1,0
42.1697,0.322959,0.690533,0.462752,0.33248,0.32563,0.472333,0.0850929,0.59268,-0.904301,-0.897565,-0.0898255,3,1,0
42.4699,0.32349,0.692107,0.469434,0.33248,0.32563,0.472333,-0.0238858,0.664029,-0.781508,-0.854415,-0.0505081,3,1,0
42.7625,0.321884,0.690947,0.4764,0.328504,0.325797,0.465405,-0.227734,0.963362,-0.858641,-0.894098,0.0979183,3,1,0
42.9899,0.319119,0.690923,0.482807,0.328327,0.325921,0.464588,-0.294384,0.924396,-0.73267,-0.918151,0.207085,3,1,0
43.2585,0.31583,0.689328,0.482683,0.326828,0.326244,0.472816,-0.0761574,0.573665,-0.75818,-0.941106,0.0197281,3,1,0
43.5536,0.313783,0.686867,0.482561,0.324704,0.321054,0.468545,-0.130525,0.941561,-0.893995,-0.942483,-0.169301,3,1,0
43.8185,0.309883,0.687985,0.488412,0.325834,0.320137,0.468324,-0.17127,0.407057,-0.781411,-0.967539,-0.324446,3,1,0
44.1199,0.308354,0.686836,0.495289,0.32394,0.317777,0.469929,-0.346673,0.330162,-0.626766,-0.9806,-0.320771,3,1,0
44.4118,0.309586,0.685979,0.495295,0.323261,0.316687,0.48601,-0.0574869,-0.80475,-0.441954,-0.945084,-0.767777,3,1,0
44.7064,0.308354,0.686836,0.495289,0.321165,0.319172,0.477581,-0.252047,-0.283599,-0.630776,-0.981802,-0.187996,3,1,0
45.0069,0.311806,0.687724,0.509082,0.316855,0.318769,0.47879,-0.818525,0.981912,-0.0922909,-0.902349,0.292583,3,1,0
45.3039,0.310086,0.687281,0.502209,0.318482,0.318285,0.471341,-0.645281,0.967269,-0.436667,-0.974112,0.339699,3,1,0
45.4643,0.311314,0.686427,0.502217,0.316417,0.316066,0.472214,-0.707131,0.991725,-0.519948,-0.956019,0.475107,3,1,0
45.7949,0.310455,0.682864,0.502643,0.319046,0.313989,0.473408,-0.734159,0.991276,-0.514092,-0.954435,-0.0222017,3,1,0
46.091,0.306699,0.679948,0.495675,0.32017,0.313077,0.473199,-0.461435,0.963977,-0.836581,-0.970983,-0.573946,3,1,0
46.3888,0.30292,0.677006,0.488695,0.319104,0.309325,0.482806,-0.0756813,0.979878,-0.96083,-0.905125,-0.954034,3,1,0
46.6849,0.30292,0.677006,0.488695,0.320006,0.310119,0.505041,0.592824,0.551848,-0.718857,0.338428,-0.99944,3,1,0
46.9825,0.30131,0.682318,0.48823,0.316501,0.312916,0.504755,0.680767,-0.263682,-0.750086,0.0739617,-0.997015,3,1,0
47.2809,0.307845,0.685527,0.488325,0.319084,0.318421,0.501637,0.313965,-0.951226,-0.450644,-0.905569,-0.931239,3,1,0
47.5764,0.311923,0.69044,0.488518,0.31767,0.326318,0.505433,0.510293,-0.982372,-0.293635,-0.88864,-0.339336,3,1,0
47.9761,0.316167,0.694586,0.502592,0.312165,0.330217,0.47447,-0.643822,0.972321,-0.193775,-0.952749,0.949268,3,1,0
48.237,0.316712,0.696119,0.508967,0.311315,0.33391,0.480469,-0.798027,0.544443,0.419534,-0.945772,0.996407,3,1,0
48.5333,0.315245,0.695221,0.515201,0.312452,0.330826,0.466395,-0.93512,0.991019,-0.0935161,-0.929162,0.900828,3,1,0
48.8336,0.313825,0.690152,0.509198,0.32119,0.326871,0.473394,-0.69595,0.847336,-0.0400984,-0.933785,0.411333,3,1,0
49.1261,0.308063,0.684841,0.50212,0.325834,0.320137,0.468324,-0.578616,0.571619,-0.365311,-0.985831,-0.239784,3,1,0
49.5207,0.304297,0.681933,0.495147,0.329194,0.31441,0.462642,-0.35052,0.351714,-0.799062,-0.978949,-0.869913,3,1,0
49.8215,0.302271,0.679477,0.495105,0.330196,0.317979,0.491015,-0.00461726,-0.969128,-0.641493,-0.958868,-0.997347,3,1,0
50.1562,0.304297,0.681933,0.495147,0.326661,0.320806,0.490754,0.000900054,-0.976972,-0.590733,-0.970373,-0.978627,3,1,0
50.4485,0.30539,0.684829,0.508387,0.323363,0.32642,0.496247,-0.585297,-0.981784,0.381703,-0.96594,-0.864394,3,1,0
50.7195,0.307406,0.687263,0.508465,0.322583,0.327909,0.48855,-0.566272,-0.982735,0.192675,-0.976971,0.086204,3,1,0
50.9754,0.307694,0.689259,0.501685,0.321533,0.331719,0.49373,-0.184135,-0.985445,-0.128095,-0.983076,0.727148,3,1,0
51.2707,0.310648,0.688843,0.508572,0.323917,0.334554,0.485047,-0.499256,-0.976469,0.132518,-0.978272,0.714615,3,1,0
51.5709,0.310948,0.690844,0.501798,0.327464,0.331712,0.485263,-0.163438,-0.985289,-0.185769,-0.970595,0.203533,3,1,0
51.8657,0.30567,0.686819,0.501596,0.325931,0.329959,0.478851,-0.314418,-0.949252,-0.469853,-0.993965,0.174655,3,1,0
52.1674,0.303006,0.6868,0.507865,0.331771,0.330079,0.469575,-0.460615,-0.960949,-0.253418,-0.992586,-0.31348,3,1,0
52.4601,0.303006,0.6868,0.507865,0.330258,0.330381,0.477738,0.16238,0.800303,-0.906453,-0.982261,-0.342056,3,0,1
52.6879,0.302738,0.684816,0.514616,0.330258,0.330381,0.477738,0.274326,0.894383,-0.916515,-0.967966,-0.368402,3,0,1
53.1243,0.300591,0.692709,0.519938,0.326928,0.336014,0.483331,0.28066,0.859692,-0.929348,-0.965715,-0.140318,3,0,1
53.5496,0.30457,0.694786,0.539995,0.322593,0.340422,0.475442,0.616559,0.987333,-0.955668,-0.708138,-0.666903,3,0,1
53.8174,0.306001,0.693225,0.553041,0.321065,0.346482,0.46483,0.713948,0.996313,-0.967446,-0.283193,-0.909764,3,0,1
54.1453,0.312222,0.69363,0.572468,0.317428,0.3514,0.478434,0.806246,0.997238,-0.967622,0.00428398,-0.88562,3,0,1
54.4079,0.316156,0.692147,0.579316,0.314747,0.358436,0.468163,0.824269,0.998473,-0.977664,0.237145,-0.960622,3,0,1
54.7051,0.322153,0.689214,0.574465,0.311183,0.367254,0.450043,0.817834,0.998923,-0.986838,0.309023,-0.986303,3,0,1
55.0361,0.324524,0.687565,0.574553,0.306491,0.380883,0.460124,0.852796,0.998988,-0.990484,0.332521,-0.985856,3,0,1
55.3,0.328268,0.686512,0.569166,0.303172,0.392634,0.448057,0.8535,0.999193,-0.994484,0.272606,-0.992624,3,0,1
55.5674,0.330562,0.684613,0.569633,0.300983,0.403628,0.435717,0.85935,0.999334,-0.996337,0.199836,-0.995055,3,0,1
55.8613,0.335535,0.682713,0.564285,0.295869,0.421178,0.42219,0.867926,0.999431,-0.998416,-0.0772091,-0.99703,3,0,1
56.1559,0.337835,0.680809,0.564752,0.291467,0.435835,0.424796,0.892887,0.999479,-0.999099,-0.178103,-0.997414,3,0,1
56.4507,0.342877,0.678538,0.571697,0.287113,0.458644,0.401491,0.906204,0.999576,-0.99954,-0.312619,-0.998447,3,0,1
56.7833,0.346266,0.675582,0.572565,0.286349,0.476018,0.418728,0.927502,0.99959,-0.999624,-0.155857,-0.997735,3,0,1
57.0504,0.347453,0.674748,0.572608,0.282014,0.499379,0.396175,0.925718,0.99964,-0.999747,-0.30091,-0.998789,3,0,1
57.3443,0.35358,0.671753,0.567689,0.282429,0.523133,0.396348,0.93384,0.999665,-0.999747,-0.17155,-0.998857,3,0,1
57.5726,0.356267,0.671412,0.574143,0.282047,0.541475,0.406584,0.943459,0.999684,-0.999649,0.169313,-0.998368,3,0,1
57.846,0.359649,0.668466,0.575004,0.281434,0.560993,0.393596,0.954815,0.99976,-0.999481,0.322411,-0.998271,3,0,1
58.1407,0.363934,0.663323,0.569522,0.284459,0.580819,0.403804,0.960326,0.999773,-0.999335,0.469244,-0.997544,3,0,1
58.4994,0.369953,0.660074,0.576801,0.291331,0.605414,0.399201,0.979108,0.999828,-0.999007,0.540095,-0.991496,3,0,1
58.8031,0.372516,0.658593,0.564671,0.297579,0.624906,0.417237,0.982646,0.999816,-0.998453,0.659743,-0.975172,3,0,1
59.0913,0.38017,0.6561,0.566133,0.307299,0.649776,0.391674,0.997347,0.999883,-0.996479,0.330937,-0.641219,3,0,1
59.3904,0.380208,0.654867,0.547226,0.328406,0.669669,0.369705,0.999118,0.999934,-0.996141,-0.7072,0.267919,3,0,1
59.6878,0.383933,0.65352,0.554237,0.330675,0.678729,0.376684,0.999241,0.999942,-0.993836,-0.55579,0.640369,3,0,1
59.9151,0.383933,0.65352,0.554237,0.325853,0.684836,0.368286,0.999262,0.999943,-0.99428,-0.676935,0.712006,3,0,1
60.119,0.381955,0.651147,0.554032,0.323073,0.6844,0.390431,0.999257,0.999931,-0.993063,-0.246144,0.680375,3,0,1
60.3472,0.383979,0.647582,0.548369,0.311649,0.686948,0.396179,0.999195,0.999913,-0.993752,-0.0449827,0.621638,3,0,1
60.5429,0.384595,0.644947,0.554731,0.306969,0.686474,0.395486,0.999176,0.999901,-0.993045,0.136823,0.585426,3,0,1
60.8406,0.383531,0.640032,0.548479,0.303129,0.689482,0.394932,0.999209,0.999909,-0.993503,0.0217921,0.654271,3,0,1
61.1432,0.382464,0.635078,0.542224,0.300313,0.689459,0.401949,0.999114,0.999891,-0.994496,0.119704,0.575571,3,0,1
61.4371,0.382805,0.630752,0.542555,0.296493,0.692447,0.40144,0.999184,0.99989,-0.993964,0.175172,0.674631,3,0,1
61.7348,0.382318,0.627475,0.529784,0.291646,0.698797,0.392588,0.999052,0.999893,-0.995389,-0.479181,0.769098,3,0,1
62.166,0.379467,0.62156,0.530081,0.288654,0.696589,0.407196,0.99902,0.999863,-0.995354,0.0624278,0.669887,3,0,1
62.4267,0.378898,0.619844,0.536635,0.277512,0.699346,0.412198,0.999027,0.999814,-0.99456,0.615961,0.655567,3,0,1
62.6879,0.377827,0.614769,0.53046,0.275698,0.703019,0.418548,0.999027,0.999766,-0.995005,0.676976,0.71989,3,0,1
62.9873,0.378748,0.612093,0.52428,0.278861,0.702222,0.426649,0.998784,0.999708,-0.996053,0.705132,0.620782,3,0,1
63.2838,0.379679,0.609397,0.518061,0.281791,0.708163,0.426852,0.999137,0.999749,-0.995116,0.594953,0.912562,3,0,1
63.5814,0.380617,0.606682,0.511802,0.282618,0.708203,0.411768,0.999069,0.999856,-0.996073,-0.114866,0.950126,3,0,1
63.8843,0.380131,0.603163,0.498701,0.283254,0.709456,0.419365,0.998908,0.999842,-0.996486,-0.328916,0.97145,3,0,1
64.2099,0.378072,0.60048,0.499334,0.273446,0.710965,0.424903,0.998818,0.999809,-0.99594,0.0638581,0.965097,3,0,1
64.4728,0.371389,0.595802,0.492081,0.268839,0.710501,0.424234,0.998464,0.999771,-0.997459,-0.432764,0.948826,3,0,1
64.703,0.370554,0.592219,0.492733,0.261081,0.712008,0.437926,0.997272,0.999526,-0.997389,0.233604,0.837656,3,0,1
64.9681,0.369746,0.588847,0.492769,0.256681,0.712961,0.458666,0.976683,0.998387,-0.99813,0.446188,0.506943,3,0,1
65.2342,0.368265,0.588001,0.485923,0.252456,0.716379,0.47111,0.92297,0.995443,-0.99819,-0.016048,0.382861,3,0,1
65.5284,0.369844,0.582421,0.487091,0.255579,0.713735,0.485191,0.805214,0.986856,-0.99677,-0.325854,0.418358,3,0,1
65.825,0.365662,0.581772,0.472728,0.25065,0.715266,0.491698,0.78501,0.972629,-0.997115,-0.917061,0.643932,3,0,1
66.1207,0.365364,0.579779,0.466317,0.252017,0.713695,0.518543,0.516583,0.94408,-0.995108,-0.991022,0.970433,3,0,1
66.4201,0.365522,0.575639,0.480506,0.250282,0.712968,0.537464,0.262982,0.842601,-0.992651,-0.992036,0.985008,3,0,1
66.7171,0.362798,0.575629,0.473678,0.252057,0.709214,0.557107,0.0598783,0.769307,-0.990799,-0.997217,0.995502,3,0,1
67.0178,0.361682,0.570191,0.467436,0.254918,0.704437,0.57685,-0.0955916,0.802175,-0.984102,-0.998081,0.998534,3,0,1
67.2419,0.36005,0.563131,0.468439,0.263613,0.699147,0.584618,-0.184894,0.842693,-0.978305,-0.997578,0.999186,3,0,1
67.4722,0.358932,0.557629,0.462256,0.266929,0.694531,0.591328,-0.218607,0.850773,-0.979087,-0.99793,0.99933,3,0,1
67.8046,0.356269,0.551082,0.449032,0.273091,0.689283,0.604612,-0.281468,0.865217,-0.983524,-0.998683,0.999482,3,0,1
68.0699,0.356688,0.546506,0.449879,0.277595,0.685566,0.605539,-0.304112,0.864837,-0.982967,-0.998669,0.999484,3,0,1
68.3668,0.351951,0.537259,0.437,0.281172,0.684809,0.599868,-0.243624,0.904006,-0.986601,-0.999209,0.999455,3,0,1
68.6675,0.350812,0.531566,0.430797,0.28735,0.681247,0.607396,-0.231694,0.908933,-0.986559,-0.999185,0.999432,3,0,1
68.9621,0.348879,0.522122,0.425724,0.290923,0.680184,0.602296,-0.0657769,0.920138,-0.987266,-0.999144,0.999257,3,0,1
69.2565,0.349423,0.510775,0.42047,0.289797,0.680629,0.603265,0.127373,0.915568,-0.988036,-0.99902,0.99903,3,0,1
69.4858,0.347052,0.505866,0.414458,0.293419,0.679538,0.598354,0.374355,0.92837,-0.989321,-0.998966,0.998621,3,0,1
69.753,0.345913,0.499993,0.408313,0.293745,0.67986,0.608311,0.365835,0.912604,-0.98922,-0.998967,0.998448,3,0,1
70.0157,0.347967,0.496572,0.416683,0.296556,0.679531,0.614328,-0.0511795,0.898798,-0.985127,-0.99896,0.998893,3,0,1
70.3173,0.345239,0.489407,0.403339,0.304627,0.672647,0.627625,-0.384573,0.910865,-0.984084,-0.999022,0.99824,3,0,1
70.6106,0.346946,0.483802,0.404398,0.314293,0.668669,0.628927,-0.621385,0.939048,-0.975717,-0.998946,0.998587,3,0,1
70.9082,0.346361,0.472966,0.400382,0.319615,0.668571,0.629142,-0.698734,0.946546,-0.97061,-0.998855,0.998526,3,0,1
71.2053,0.346955,0.461319,0.395435,0.330621,0.665104,0.625255,-0.819771,0.951968,-0.952238,-0.99857,0.998858,3,0,1
71.5017,0.345317,0.444269,0.385764,0.337415,0.66574,0.619955,-0.940527,0.958654,-0.928107,-0.997833,0.998971,3,0,1
71.7996,0.34803,0.429296,0.389744,0.341508,0.666455,0.608797,-0.976571,0.9601,-0.882056,-0.9964,0.998211,3,0,1
72.031,0.349656,0.41384,0.378294,0.345663,0.667169,0.597581,-0.988132,0.972428,-0.923361,-0.994003,0.992104,3,0,1
72.2953,0.350322,0.401926,0.373848,0.35057,0.665004,0.604207,-0.994576,0.972111,-0.941616,-0.991805,0.972596,3,0,1
72.5583,0.35062,0.38891,0.37879,0.353711,0.666753,0.59254,-0.994499,0.976883,-0.964288,-0.986572,0.927728,3,0,1
72.8554,0.352161,0.375015,0.383745,0.356432,0.666696,0.586874,-0.995253,0.972376,-0.984608,-0.968439,0.720581,3,0,1
73.1506,0.353707,0.361208,0.388861,0.361445,0.664755,0.581619,-0.996028,0.95161,-0.992224,-0.93442,0.216932,3,0,1
73.451,0.352711,0.349541,0.393698,0.365314,0.663631,0.576352,-0.996071,0.939292,-0.994095,-0.919829,-0.153817,3,0,1
73.7506,0.349671,0.340663,0.389727,0.366998,0.664619,0.570135,-0.996284,0.945564,-0.995289,-0.917154,-0.295828,3,0,1
74.1411,0.341983,0.333495,0.402779,0.372629,0.664474,0.55852,-0.996318,0.965184,-0.996132,-0.875328,-0.328223,3,0,1
74.3687,0.334839,0.327051,0.407514,0.373824,0.663626,0.558532,-0.996773,0.972653,-0.996801,-0.844979,-0.346632,3,0,1
74.6376,0.328363,0.324166,0.410168,0.377223,0.66539,0.546316,-0.997271,0.98119,-0.998148,-0.717217,-0.375247,3,0,1
74.9053,0.323279,0.320236,0.413625,0.382433,0.663384,0.540839,-0.997457,0.983649,-0.998999,-0.520944,-0.556662,3,0,1
75.306,0.318742,0.314292,0.433817,0.389678,0.66375,0.535605,-0.993472,0.990997,-0.999253,0.0569754,-0.885124,3,0,1
75.732,0.309104,0.311899,0.461258,0.391501,0.664734,0.529181,-0.964219,0.996031,-0.995754,0.765161,0.261695,3,0,1
76.1918,0.304281,0.310475,0.478901,0.399074,0.663928,0.504028,-0.822371,0.998155,-0.992432,0.600637,0.867055,3,0,1
76.5891,0.309075,0.310614,0.515745,0.404238,0.663437,0.470985,-0.702808,0.999714,-0.993114,-0.0855104,0.998663,3,0,1
76.8842,0.309645,0.306444,0.517874,0.398432,0.662627,0.462443,-0.728631,0.999736,-0.99429,-0.358312,0.998228,3,0,1
77.1424,0.313269,0.305849,0.5321,0.394829,0.659378,0.455303,-0.718004,0.999624,-0.993186,-0.679833,0.997859,3,0,1
77.4754,0.320557,0.303001,0.538717,0.385929,0.652411,0.44669,-0.632479,0.998867,-0.990995,-0.858511,0.99335,3,0,1
77.745,0.327098,0.303674,0.551471,0.375927,0.647824,0.445597,-0.207668,0.992195,-0.986089,-0.913359,0.941868,3,0,1
78.0424,0.334809,0.30408,0.555796,0.366854,0.640514,0.437884,0.403652,0.866284,-0.974673,-0.884271,0.513143,3,0,1
78.3307,0.342246,0.30389,0.568152,0.35441,0.638132,0.436099,0.659288,-0.186247,-0.898323,-0.62182,-0.179434,3,0,1
78.6294,0.350475,0.304648,0.5657,0.351399,0.638065,0.443457,0.486397,-0.251617,-0.375515,-0.454234,-0.535849,3,0,1
78.9259,0.354795,0.30288,0.551154,0.350185,0.639207,0.442876,0.486343,-0.272306,-0.414103,-0.451257,-0.540149,3,0,1
79.1547,0.362053,0.304525,0.548886,0.349755,0.643532,0.443088,0.401679,-0.0813046,-0.0495752,-0.516237,-0.498723,3,0,1
79.421,0.35996,0.30421,0.534944,0.351404,0.644419,0.449673,0.391859,0.355546,-0.244527,-0.392311,-0.652748,3,0,1
79.684,0.362748,0.304649,0.512525,0.355178,0.6477,0.443116,0.622865,-0.134196,-0.645719,-0.151423,-0.673933,3,0,1
79.9829,0.362264,0.308853,0.510643,0.357768,0.652146,0.43597,0.693795,0.0291302,-0.740913,-0.306097,-0.388687,3,0,1
80.3178,0.359883,0.310756,0.510266,0.361125,0.660076,0.442473,0.622551,0.646877,-0.675991,-0.363341,-0.133124,3,0,1
80.5765,0.357715,0.310472,0.495723,0.365688,0.660548,0.443172,0.568785,0.941691,-0.912339,-0.336408,-0.16345,3,0,1
80.8746,0.355802,0.312915,0.487476,0.363595,0.664281,0.449503,0.513884,0.94947,-0.93102,-0.0614748,-0.486254,3,0,1
81.1687,0.355802,0.312915,0.487476,0.367409,0.667617,0.443051,0.429395,0.978987,-0.961828,-0.32847,-0.061774,3,0,1
81.4678,0.354673,0.313823,0.487608,0.368314,0.67126,0.442768,0.362034,0.984221,-0.964162,-0.386226,0.138038,3,0,1
81.6966,0.353241,0.312003,0.481206,0.368314,0.67126,0.442768,0.142832,0.979967,-0.977928,-0.367083,-0.109421,3,0,1
81.9674,0.350817,0.313941,0.480812,0.368233,0.671027,0.443328,0.0915081,0.984169,-0.978362,-0.357211,-0.0460304,3,0,1
82.2289,0.349366,0.312115,0.474363,0.367217,0.672494,0.428653,-0.460891,0.996495,-0.997536,-0.905921,0.647958,3,0,1
82.5239,0.347905,0.310277,0.467868,0.362615,0.672031,0.42787,-0.642343,0.990316,-0.99857,-0.951863,0.461729,3,0,1
82.8197,0.347968,0.305481,0.477877,0.355405,0.667045,0.434195,0.169796,0.987633,-0.9949,-0.820773,0.158067,3,0,1
83.1506,0.348503,0.306334,0.500086,0.345349,0.662409,0.433277,0.705824,0.800248,-0.926897,-0.393437,-0.239293,3,0,1
83.4178,0.348186,0.303607,0.493675,0.340325,0.660194,0.425846,0.792452,0.837061,-0.97919,-0.513892,-0.462532,3,0,1
83.7117,0.349471,0.302588,0.494181,0.337853,0.662013,0.439365,0.759198,0.754127,-0.935375,-0.0827532,-0.59187,3,0,1
84.0105,0.347515,0.304993,0.485864,0.341992,0.666516,0.45421,0.595098,0.892597,-0.895548,-0.0643594,-0.70225,3,0,1
84.2375,0.345539,0.30742,0.477481,0.343366,0.672411,0.44594,0.485968,0.856039,-0.97646,-0.556484,-0.523683,3,0,1
84.4692,0.34224,0.310907,0.468501,0.342977,0.677329,0.431463,0.0235616,0.937574,-0.99812,-0.957852,0.289436,3,0,1
84.7655,0.33938,0.312337,0.476162,0.349209,0.67829,0.439652,0.0407695,0.9906,-0.994889,-0.864665,0.340994,3,0,1
85.0663,0.339965,0.31274,0.468814,0.342989,0.676962,0.44556,0.0797314,0.915549,-0.993393,-0.880721,-0.33209,3,0,1
85.3606,0.340497,0.308438,0.470804,0.338827,0.677887,0.452189,0.253513,0.81551,-0.975649,-0.713719,-0.6276,3,0,1
85.6598,0.337283,0.307121,0.471821,0.335957,0.677914,0.458766,0.177434,0.932808,-0.95322,-0.601301,-0.725614,3,0,1
85.959,0.333712,0.309983,0.47159,0.338033,0.680405,0.458929,0.0501269,0.969926,-0.95972,-0.668082,-0.534433,3,0,1
86.253,0.329376,0.309583,0.472802,0.338922,0.684034,0.458571,-0.0752661,0.987096,-0.968759,-0.676664,-0.281218,3,0,1
86.4816,0.326163,0.312971,0.464492,0.338503,0.68202,0.465629,-0.463739,0.996756,-0.975491,-0.730143,-0.0463445,3,0,1
86.6811,0.324269,0.310616,0.46613,0.338897,0.683371,0.472807,-0.456476,0.997066,-0.962986,-0.512632,-0.0980317,3,0,1
86.9096,0.322049,0.307765,0.475911,0.33766,0.684921,0.458572,-0.20634,0.997777,-0.988311,-0.668835,0.329401,3,0,1
87.2102,0.321719,0.307266,0.483976,0.335657,0.682033,0.47211,0.199779,0.996993,-0.92047,-0.0679258,0.000676213,3,0,1
87.5075,0.322703,0.305756,0.492652,0.331431,0.677449,0.458085,0.598012,0.993799,-0.973797,-0.392471,-0.1461,3,0,1
87.8051,0.322585,0.308081,0.506155,0.332294,0.681732,0.443271,0.789981,0.98887,-0.982248,-0.752475,0.497963,3,0,1
88.1374,0.324432,0.310378,0.5045,0.329481,0.681098,0.464247,0.698291,0.928325,-0.913685,0.0780002,-0.406815,3,0,1
88.4008,0.325116,0.311404,0.488668,0.325041,0.686481,0.470334,0.267984,0.977484,-0.813838,-0.430014,-0.300965,3,0,1
88.6967,0.325811,0.312445,0.472609,0.321236,0.690095,0.455498,0.216351,0.88433,-0.988992,-0.918215,-0.104299,3,0,1
88.9926,0.325462,0.311922,0.480667,0.326597,0.687362,0.463878,0.196891,0.975651,-0.936254,-0.617319,-0.274909,3,0,1
89.3585,0.325462,0.311922,0.480667,0.32349,0.692107,0.469434,0.0604752,0.936189,-0.823355,-0.608914,-0.406121,3,0,1
89.7533,0.323032,0.313859,0.48025,0.317731,0.692529,0.468709,0.117332,0.910559,-0.899031,-0.784295,-0.276721,3,0,1
90.05,0.324224,0.315126,0.49457,0.322417,0.692508,0.482993,0.0727519,0.143314,-0.357257,-0.546413,-0.286123,3,0,1
90.378,0.324224,0.315126,0.49457,0.321053,0.694125,0.468892,0.376129,-0.407753,-0.593835,-0.684499,0.252432,3,0,1
90.6419,0.323261,0.316687,0.48601,0.317029,0.694965,0.475321,0.130572,-0.238807,-0.564054,-0.804959,-0.175498,3,0,1
90.9398,0.323599,0.31723,0.477998,0.314543,0.696689,0.475415,0.0360411,0.307488,-0.779825,-0.885695,-0.0924847,3,0,1
91.2692,0.323261,0.316687,0.48601,0.313965,0.692892,0.488644,0.0635293,-0.854122,-0.282747,-0.887201,-0.496443,3,0,1
91.5337,0.322925,0.316148,0.493965,0.309754,0.694186,0.481666,0.334794,-0.992519,-0.271146,-0.927716,-0.506908,3,0,1
91.8348,0.321494,0.319728,0.469508,0.30879,0.694563,0.495028,-0.309293,-0.352895,-0.48908,-0.975335,0.0996645,3,0,1
92.0946,0.321494,0.319728,0.469508,0.306445,0.696834,0.493914,-0.236422,-0.818124,-0.546601,-0.982649,0.0449085,3,0,1
92.4244,0.321826,0.320288,0.461376,0.309924,0.69764,0.507775,-0.662063,0.707426,-0.228684,-0.944346,0.0839688,3,0,1
92.6857,0.318799,0.318839,0.463214,0.312872,0.697185,0.514687,-0.833749,0.982556,-0.227643,-0.841898,0.316028,3,0,1
92.9844,0.320926,0.316337,0.471766,0.313538,0.69481,0.508348,-0.683517,0.916293,-0.141869,-0.83733,-0.13408,3,0,1
93.282,0.322052,0.315423,0.471554,0.310948,0.690844,0.501798,-0.535839,0.809811,-0.339465,-0.943294,-0.288306,3,0,1
93.478,0.323369,0.31439,0.472189,0.307764,0.689524,0.50123,-0.486352,0.245759,-0.34443,-0.96768,-0.561678,3,0,1
93.7079,0.323032,0.313859,0.48025,0.306529,0.690385,0.501169,-0.288853,-0.891723,-0.177859,-0.961905,-0.747117,3,0,1
93.9754,0.323032,0.313859,0.48025,0.3053,0.691238,0.501158,-0.279762,-0.941235,-0.164724,-0.968841,-0.751695,3,0,1
94.24,0.319289,0.316828,0.47921,0.307112,0.691929,0.507594,-0.599788,-0.588658,0.0178351,-0.947895,-0.370987,3,0,1
94.5367,0.319289,0.316828,0.47921,0.306467,0.694316,0.513919,-0.678397,-0.575438,0.223971,-0.886756,-0.440232,3,0,1
94.8324,0.319608,0.317372,0.471133,0.305881,0.692786,0.507531,-0.655401,0.207299,-0.0913018,-0.968212,-0.102927,3,0,1
95.1375,0.318482,0.318285,0.471341,0.307398,0.693943,0.500804,-0.462849,0.0905751,-0.389251,-0.979168,0.114023,3,0,1
95.4268,0.318482,0.318285,0.471341,0.311443,0.692122,0.508679,-0.758548,0.975206,-0.182065,-0.898404,0.131089,3,0,1
95.7216,0.318482,0.318285,0.471341,0.307112,0.691929,0.507594,-0.699141,0.757111,-0.107996,-0.965414,0.0972719,3,0,1
96.0303,0.319289,0.316828,0.47921,0.305093,0.689498,0.507505,-0.64889,-0.618479,0.0290742,-0.972457,-0.455056,3,0,1
96.3502,0.322052,0.315423,0.471554,0.301517,0.688359,0.494145,-0.19849,-0.735328,-0.764748,-0.989048,-0.579957,3,0,1
96.6801,0.320926,0.316337,0.471766,0.303276,0.688797,0.501069,-0.495749,-0.313294,-0.447581,-0.99072,-0.284101,3,0,1
96.9746,0.318482,0.318285,0.471341,0.303591,0.688359,0.514189,-0.867643,0.921594,0.21847,-0.965322,0.0802974,3,0,1
97.3721,0.318167,0.317735,0.47941,0.30211,0.689924,0.500557,-0.378342,-0.906261,-0.481269,-0.993693,-0.0798156,3,0,1
97.7673,0.318482,0.318285,0.471341,0.299111,0.690346,0.493611,-0.158023,-0.899344,-0.811533,-0.995165,-0.26976,3,0,1
