t,bead0x,bead0y,bead0z,bead1x,bead1y,bead1z,omega0,omega1,omega2,omega3,omega4,policy,input0,input1,rot
0.14436,0.307724,0.314605,0.483559,0.291891,0.717706,0.535929,-0.137421,-0.995594,-0.636447,-0.646018,0.343352,3,0,1,0
0.340332,0.307724,0.314605,0.483559,0.292114,0.719777,0.529366,-0.130997,-0.995532,-0.579114,-0.770409,0.347679,3,0,1,0
0.538358,0.306411,0.31564,0.482956,0.29488,0.717178,0.54273,-0.280303,-0.994954,-0.608619,-0.478937,0.212489,3,0,1,0
0.776853,0.307724,0.314605,0.483559,0.293659,0.71802,0.542607,-0.132655,-0.995866,-0.701354,-0.477862,0.246892,3,0,1,0
1.03555,0.307463,0.314076,0.491587,0.293343,0.718928,0.529487,-0.145678,-0.996625,-0.265577,-0.630894,0.545394,3,0,1,0
1.36589,0.306992,0.311383,0.485091,0.297456,0.717296,0.53673,-0.255515,-0.994448,-0.611752,-0.399716,0.000140673,3,0,1,0
1.6259,0.308113,0.31049,0.484972,0.294467,0.717827,0.529886,-0.15785,-0.99523,-0.588997,-0.684918,0.110351,3,0,1,0
1.927,0.306992,0.311383,0.485091,0.294153,0.718741,0.516574,-0.360527,-0.994325,-0.29062,-0.927923,0.158099,3,0,1,0
2.19111,0.306992,0.311383,0.485091,0.297062,0.717947,0.523809,-0.360555,-0.993223,-0.350946,-0.814437,-0.00904246,3,0,1,0
2.48798,0.306735,0.310871,0.493129,0.295288,0.717631,0.516988,-0.318265,-0.995806,0.0181046,-0.874229,0.307124,3,0,1,0
2.78438,0.306735,0.310871,0.493129,0.296076,0.720877,0.517107,-0.242569,-0.996499,-0.031636,-0.856768,0.406399,3,0,1,0
3.08245,0.306992,0.311383,0.485091,0.297062,0.717947,0.523809,-0.360555,-0.993223,-0.350946,-0.814437,-0.00904246,3,0,1,0
3.3116,0.309963,0.31281,0.483257,0.2977,0.719361,0.53018,-0.195455,-0.99456,-0.575177,-0.673944,0.00190139,3,0,1,0
3.57765,0.311268,0.31177,0.4838,0.292916,0.719596,0.516458,-0.289519,-0.995353,-0.326151,-0.933886,0.106943,3,0,1,0
3.77457,0.309963,0.31281,0.483257,0.2947,0.719904,0.523285,-0.241101,-0.994792,-0.4469,-0.866592,0.085154,3,0,1,0
4.07193,0.306992,0.311383,0.485091,0.296173,0.72114,0.516751,-0.338874,-0.994469,-0.304461,-0.913482,0.17164,3,0,1,0
4.26892,0.306992,0.311383,0.485091,0.296713,0.722293,0.523475,-0.223633,-0.995164,-0.449293,-0.822803,0.134739,3,0,1,0
4.46691,0.306992,0.311383,0.485091,0.296713,0.722293,0.523475,-0.223633,-0.995164,-0.449293,-0.822803,0.134739,3,0,1,0
4.66382,0.306992,0.311383,0.485091,0.295585,0.723399,0.523062,-0.166851,-0.995727,-0.476287,-0.84018,0.212994,3,0,1,0
4.92776,0.306992,0.311383,0.485091,0.296713,0.722293,0.523475,-0.223633,-0.995164,-0.449293,-0.822803,0.134739,3,0,1,0
5.32671,0.302963,0.311513,0.478297,0.296608,0.728746,0.516529,-0.380064,-0.993201,-0.581578,-0.943246,0.656339,3,0,1,0
5.62149,0.302725,0.311,0.4864,0.296366,0.726635,0.523158,-0.150532,-0.996119,-0.47979,-0.786096,0.414088,3,0,1,0
5.92379,0.303845,0.310109,0.48629,0.299114,0.72398,0.536601,-0.0849747,-0.996393,-0.745272,-0.302934,0.225693,3,0,1,0
6.22066,0.306016,0.307682,0.494757,0.296126,0.724539,0.529743,0.0634467,-0.997772,-0.461309,-0.505239,0.571898,3,0,1,0
6.51556,0.304903,0.308569,0.494864,0.294351,0.72425,0.522949,-0.0288578,-0.997674,-0.25883,-0.703225,0.611675,3,0,1,0
6.8092,0.304676,0.306359,0.480354,0.297356,0.723691,0.529855,-0.130135,-0.994291,-0.800871,-0.697152,0.00608357,3,0,1,0
7.07392,0.310268,0.305697,0.479567,0.297113,0.721611,0.5364,0.16001,-0.995989,-0.907156,-0.505476,-0.162108,3,0,1,0
7.37173,0.307573,0.307139,0.487242,0.297113,0.721611,0.5364,0.117011,-0.996822,-0.808217,-0.376389,0.111704,3,0,1,0
7.67152,0.303076,0.306273,0.496619,0.297356,0.723691,0.529855,-0.0910849,-0.997462,-0.305791,-0.32397,0.702871,3,0,1,0
7.96642,0.300666,0.308192,0.496201,0.299114,0.72398,0.536601,-0.154577,-0.99694,-0.409346,-0.0587633,0.749112,3,0,1,0
8.26441,0.301714,0.304943,0.48224,0.30332,0.722561,0.543658,-0.127234,-0.989964,-0.957751,0.150644,-0.404462,3,0,1,0
8.55767,0.303032,0.303909,0.482838,0.30232,0.72187,0.524312,-0.367281,-0.983498,-0.6593,-0.620734,-0.198234,3,0,1,0
8.86099,0.300095,0.302508,0.484852,0.304679,0.719915,0.524832,-0.406045,-0.933699,-0.772391,-0.213259,-0.136642,3,0,1,0
9.15465,0.295934,0.304502,0.49992,0.303199,0.7217,0.51133,-0.330719,-0.989462,0.159689,-0.42953,0.996621,3,0,1,0
9.4547,0.290103,0.302329,0.495085,0.301433,0.721398,0.504395,-0.553855,-0.985611,-0.420405,-0.840489,0.998882,3,0,1,0
9.71489,0.295934,0.304502,0.49992,0.299399,0.718986,0.504196,-0.359748,-0.997667,0.179641,-0.922718,0.999225,3,0,1,0
10.0104,0.296536,0.300314,0.502154,0.295574,0.716248,0.497048,-0.293012,-0.999506,-0.0068057,-0.991998,0.999143,3,0,1,0
10.3093,0.304494,0.298326,0.492975,0.289225,0.715212,0.489708,0.238447,-0.998944,-0.871898,-0.996879,0.176575,3,0,1,0
10.6051,0.307163,0.296848,0.485291,0.282544,0.710223,0.495802,0.165934,-0.999097,-0.931098,-0.999003,-0.678028,3,0,1,0
10.9051,0.306656,0.295967,0.50143,0.279963,0.71012,0.502107,0.0767267,-0.996325,-0.0667351,-0.989296,-0.99745,3,0,1,0
11.2053,0.300252,0.297387,0.503202,0.277401,0.710017,0.508375,0.037365,-0.997318,0.469866,-0.99391,-0.976933,3,0,1,0
11.497,0.302561,0.302958,0.49897,0.278877,0.714746,0.514768,0.0766948,-0.998489,-0.175746,-0.991481,0.656642,3,0,1,0
11.8607,0.300601,0.305841,0.482411,0.283396,0.718903,0.528019,-0.0698183,-0.995824,-0.795662,-0.925926,0.772773,3,0,1,0
12.1588,0.298599,0.308777,0.465603,0.284853,0.723536,0.534374,-0.536153,-0.990796,-0.86757,-0.975702,0.781111,3,0,1,0
12.4581,0.299283,0.306878,0.481816,0.282855,0.721157,0.534225,0.0360464,-0.996484,-0.880588,-0.837848,0.800715,3,0,1,0
12.8513,0.299443,0.301703,0.50019,0.283124,0.716554,0.535001,-0.132087,-0.997407,-0.0478585,-0.848375,0.708191,3,0,1,0
13.1467,0.302078,0.300247,0.492558,0.283792,0.717981,0.541197,0.301635,-0.998022,-0.854764,-0.63324,0.442887,3,0,1,0
13.455,0.306071,0.300154,0.499224,0.284144,0.71367,0.541588,0.133293,-0.99667,-0.192766,-0.754113,0.227295,3,0,1,0
13.8525,0.306322,0.300614,0.491183,0.285932,0.713999,0.548201,0.297489,-0.997341,-0.841408,-0.51362,0.0869977,3,0,1,0
14.2531,0.306322,0.300614,0.491183,0.287912,0.716367,0.548334,0.386001,-0.997559,-0.905791,-0.363374,0.0762223,3,0,1,0
14.7343,0.305735,0.304835,0.488994,0.292864,0.718211,0.555153,0.178995,-0.997295,-0.918296,-0.21032,0.0155124,3,0,1,0
15.2927,0.300666,0.308192,0.496201,0.298371,0.717806,0.555948,-0.212219,-0.995332,-0.5065,0.131529,0.454223,3,0,1,0
15.5893,0.298254,0.310112,0.49578,0.301197,0.719975,0.5436,-0.294499,-0.992855,-0.373835,0.252923,0.667902,3,0,1,0
15.8885,0.29956,0.309081,0.496356,0.30231,0.718884,0.543994,-0.292324,-0.990532,-0.380617,0.368049,0.525347,3,0,1,0
16.1885,0.303076,0.306273,0.496619,0.302666,0.717529,0.524628,-0.385104,-0.989175,0.0366801,0.0632209,0.544792,3,0,1,0
16.4809,0.307315,0.306648,0.495281,0.305299,0.717644,0.518524,-0.432161,-0.986896,0.161798,-0.465981,0.206299,3,0,1,0
16.7454,0.308692,0.306247,0.487124,0.30116,0.715565,0.498198,-0.0978706,-0.996392,-0.450284,-0.971188,0.265446,3,0,1,0
17.0438,0.312677,0.306136,0.493841,0.299377,0.715236,0.491184,0.128479,-0.998637,-0.361904,-0.974328,0.383751,3,0,1,0
17.3383,0.311563,0.307026,0.493961,0.296724,0.715125,0.497481,-0.0293059,-0.998307,-0.205097,-0.975444,0.227735,3,0,1,0
17.6389,0.312124,0.308018,0.477839,0.2917,0.716994,0.503203,-0.289417,-0.997395,-0.549784,-0.990561,0.222579,3,0,1,0
17.9321,0.312408,0.308519,0.469691,0.289095,0.716874,0.50943,-0.400447,-0.9964,-0.737055,-0.994339,0.360478,3,0,1,0
18.2293,0.310268,0.305697,0.479567,0.28469,0.716432,0.508758,-0.178682,-0.997757,-0.67199,-0.995679,0.114528,3,0,1,0
18.5273,0.308156,0.302909,0.489411,0.28382,0.71289,0.509097,-0.0414925,-0.997761,-0.5043,-0.992044,-0.299477,3,0,1,0
18.8233,0.307895,0.302438,0.497449,0.283265,0.715192,0.515413,-0.0258279,-0.997612,-0.077794,-0.969386,0.205175,3,0,1,0
19.1218,0.305486,0.304355,0.497035,0.282041,0.716031,0.515376,0.0364707,-0.998121,-0.157289,-0.978791,0.554169,3,0,1,0
19.388,0.305986,0.305318,0.480894,0.284336,0.715724,0.535045,0.0755838,-0.996318,-0.861789,-0.811482,0.5237,3,0,1,0
19.6819,0.306239,0.305805,0.472736,0.286331,0.718107,0.535179,-0.16532,-0.993783,-0.89457,-0.88228,0.441873,3,0,1,0
19.976,0.308957,0.306737,0.47902,0.286131,0.716046,0.541712,0.167301,-0.99648,-0.909809,-0.63702,0.292363,3,0,1,0
20.2758,0.306574,0.301076,0.483084,0.285932,0.713999,0.548201,0.230957,-0.996781,-0.94591,-0.459929,-0.016197,3,0,1,0
20.5728,0.307895,0.302438,0.497449,0.289681,0.716685,0.554911,0.339693,-0.997502,-0.684368,-0.318346,0.349241,3,0,1,0
20.8721,0.305486,0.304355,0.497035,0.292322,0.717059,0.548696,0.000282475,-0.997136,-0.520619,-0.309017,0.433582,3,0,1,0
21.1718,0.304145,0.303009,0.482663,0.291105,0.717899,0.548568,0.111341,-0.996447,-0.959446,-0.281575,-0.0581249,3,0,1,0
21.4639,0.30327,0.304389,0.474685,0.295757,0.714046,0.549577,-0.292636,-0.984598,-0.96015,-0.216364,-0.39456,3,0,1,0
21.7266,0.304145,0.303009,0.482663,0.300318,0.716521,0.543799,-0.150015,-0.986627,-0.946934,0.137981,-0.592102,3,0,1,0
22.0275,0.299882,0.302639,0.48403,0.299798,0.715355,0.537241,-0.336783,-0.969254,-0.919561,0.106429,-0.411828,3,0,1,0
22.3228,0.296647,0.307679,0.498335,0.301434,0.718381,0.52452,-0.322504,-0.987921,0.0126646,0.252631,0.922396,3,0,1,0
22.621,0.295135,0.308207,0.505695,0.307605,0.722127,0.512085,-0.271033,-0.992791,0.300377,-0.459672,0.999769,3,0,1,0
22.9148,0.296438,0.307819,0.497557,0.309382,0.718734,0.506122,-0.426325,-0.973495,-0.0986333,-0.681574,0.998103,3,0,1,0
23.213,0.304188,0.305388,0.496516,0.304447,0.717122,0.49849,-0.19306,-0.997278,-0.029133,-0.952357,0.90915,3,0,1,0
23.5118,0.308418,0.303383,0.481315,0.300279,0.712011,0.498505,-0.202834,-0.990013,-0.628449,-0.967041,0.00565493,3,0,1,0
23.8082,0.310849,0.301449,0.481734,0.290841,0.709914,0.490192,0.113769,-0.997938,-0.922012,-0.99725,-0.364022,3,0,1,0
24.0699,0.314838,0.301357,0.488489,0.289165,0.706613,0.503821,-0.03688,-0.996695,-0.420369,-0.987132,-0.861612,3,0,1,0
24.3689,0.308156,0.302909,0.489411,0.285618,0.709718,0.502823,-0.0586583,-0.998251,-0.680146,-0.996903,-0.633423,3,0,1,0
24.6637,0.305735,0.304835,0.488994,0.286406,0.713,0.502854,-0.167387,-0.998435,-0.676866,-0.99756,-0.122992,3,0,1,0
24.9613,0.300873,0.308057,0.496995,0.287279,0.716552,0.502516,-0.291096,-0.999119,-0.206937,-0.996088,0.962014,3,0,1,0
25.2593,0.295333,0.308705,0.497703,0.286712,0.718847,0.508893,-0.402328,-0.998085,-0.0992746,-0.987155,0.993988,3,0,1,0
25.5559,0.300441,0.307698,0.504193,0.289454,0.71596,0.522886,-0.313656,-0.996085,0.525963,-0.655549,0.929429,3,0,1,0
25.8603,0.303904,0.302537,0.490766,0.286791,0.712102,0.516445,-0.262588,-0.996171,-0.246341,-0.963709,0.146414,3,0,1,0
26.1494,0.311969,0.30055,0.481604,0.286296,0.711181,0.50931,-0.0063662,0.0063662,0.0063662,-0.0063662,-0.0063662,-1,0,1,0
26.4315,0.314986,0.299527,0.465647,0.28657,0.706525,0.510067,-0.0063662,0.0063662,0.0063662,-0.0063662,-0.0063662,-1,0,1,0
26.9133,0.318373,0.29894,0.441067,0.28822,0.709816,0.496526,-0.0063662,0.0063662,0.0063662,-0.0063662,-0.0063662,-1,0,1,0
27.3041,0.320607,0.301778,0.430877,0.289015,0.709562,0.483148,-0.0063662,0.0063662,0.0063662,-0.0063662,-0.0063662,-1,0,1,0
27.5984,0.320607,0.301778,0.430877,0.288943,0.709279,0.483618,-0.0063662,0.0063662,0.0063662,-0.0063662,-0.0063662,-1,0,1,0
27.8983,0.322289,0.301198,0.422993,0.287384,0.711322,0.469011,-0.0063662,0.0063662,0.0063662,-0.0063662,-0.0063662,-1,0,1,0
28.1957,0.323792,0.300727,0.414212,0.288565,0.710174,0.469513,-0.0063662,0.0063662,0.0063662,-0.0063662,-0.0063662,-1,0,1,0
28.4929,0.322871,0.299727,0.389799,0.288565,0.710174,0.469513,-0.0063662,0.0063662,0.0063662,-0.0063662,-0.0063662,-1,0,1,0
28.7904,0.321241,0.297759,0.382689,0.287725,0.711709,0.441192,-0.0063662,0.0063662,0.0063662,-0.0063662,-0.0063662,-1,0,1,0
29.0546,0.323216,0.300201,0.380949,0.287725,0.711709,0.441192,-0.0063662,0.0063662,0.0063662,-0.0063662,-0.0063662,-1,0,1,0
29.3551,0.323564,0.300679,0.372029,0.289983,0.707517,0.449019,-0.0063662,0.0063662,0.0063662,-0.0063662,-0.0063662,-1,0,1,0
29.6473,0.321809,0.296169,0.348126,0.288546,0.711461,0.427001,-0.0063662,0.0063662,0.0063662,-0.0063662,-0.0063662,-1,0,1,0
29.9448,0.32347,0.298184,0.355514,0.286649,0.711107,0.419463,-0.0063662,0.0063662,0.0063662,-0.0063662,-0.0063662,-1,0,1,0
30.2439,0.325228,0.297556,0.347037,0.28938,0.711209,0.412595,-0.0063662,0.0063662,0.0063662,-0.0063662,-0.0063662,-1,0,1,0
30.5379,0.32392,0.295988,0.330299,0.288278,0.705304,0.42057,-0.0063662,0.0063662,0.0063662,-0.0063662,-0.0063662,-1,0,1,0
30.8381,0.325347,0.294891,0.331072,0.285549,0.710493,0.397227,-0.0063662,0.0063662,0.0063662,-0.0063662,-0.0063662,-1,0,1,0
31.1319,0.324277,0.296451,0.320939,0.284866,0.708919,0.39011,-0.0063662,0.0063662,0.0063662,-0.0063662,-0.0063662,-1,0,1,0
31.3934,0.323821,0.293379,0.31303,0.286375,0.710231,0.382359,-0.0063662,0.0063662,0.0063662,-0.0063662,-0.0063662,-1,0,1,0
31.6956,0.324179,0.293831,0.303503,0.283584,0.706353,0.374392,-0.0063662,0.0063662,0.0063662,-0.0063662,-0.0063662,-1,0,1,0
31.99,0.324541,0.294286,0.293896,0.285047,0.707359,0.367148,-0.0063662,0.0063662,0.0063662,-0.0063662,-0.0063662,-1,0,1,0
32.2878,0.324541,0.294286,0.293896,0.286369,0.706439,0.367165,-0.0063662,0.0063662,0.0063662,-0.0063662,-0.0063662,-1,0,1,0
32.5873,0.323181,0.292632,0.276228,0.284156,0.703524,0.36774,-0.0063662,0.0063662,0.0063662,-0.0063662,-0.0063662,-1,0,1,0
32.9803,0.323541,0.293085,0.266373,0.28238,0.705358,0.351763,-0.0063662,0.0063662,0.0063662,-0.0063662,-0.0063662,-1,0,1,0
33.2772,0.324813,0.292052,0.266164,0.281906,0.706299,0.335455,-0.0063662,0.0063662,0.0063662,-0.0063662,-0.0063662,-1,0,1,0
33.5744,0.324909,0.289195,0.248721,0.281009,0.702398,0.336103,-0.0063662,0.0063662,0.0063662,-0.0063662,-0.0063662,-1,0,1,0
33.8372,0.325282,0.289634,0.238611,0.282734,0.705996,0.319597,-0.0063662,0.0063662,0.0063662,-0.0063662,-0.0063662,-1,0,1,0
34.138,0.325282,0.289634,0.238611,0.281833,0.702063,0.320266,-0.0063662,0.0063662,0.0063662,-0.0063662,-0.0063662,-1,0,1,0
34.4328,0.323883,0.287878,0.219957,0.282028,0.704336,0.311949,-0.0063662,0.0063662,0.0063662,-0.0063662,-0.0063662,-1,0,1,0
34.7293,0.323883,0.287878,0.219957,0.279295,0.702585,0.294859,-0.0063662,0.0063662,0.0063662,-0.0063662,-0.0063662,-1,0,1,0
35.0273,0.324253,0.288314,0.209577,0.279665,0.707217,0.277693,-0.0063662,0.0063662,0.0063662,-0.0063662,-0.0063662,-1,0,1,0
35.3243,0.325561,0.287242,0.209306,0.278573,0.700889,0.287039,-0.0063662,0.0063662,0.0063662,-0.0063662,-0.0063662,-1,0,1,0
35.6205,0.324139,0.28543,0.190102,0.28031,0.704569,0.269635,-0.0063662,0.0063662,0.0063662,-0.0063662,-0.0063662,-1,0,1,0
35.8217,0.322455,0.286085,0.200959,0.28031,0.704569,0.269635,-0.0063662,0.0063662,0.0063662,-0.0063662,-0.0063662,-1,0,1,0
36.0829,0.323189,0.286946,0.179727,0.281666,0.703272,0.270459,-0.0063662,0.0063662,0.0063662,-0.0063662,-0.0063662,-1,0,1,0
36.4113,0.321358,0.284677,0.170846,0.278221,0.704162,0.260795,-0.0063662,0.0063662,0.0063662,-0.0063662,-0.0063662,-1,0,1,0
36.6766,0.321721,0.285102,0.159986,0.279773,0.705205,0.252803,-0.0063662,0.0063662,0.0063662,-0.0063662,-0.0063662,-1,0,1,0
36.9724,0.322689,0.28358,0.170537,0.279053,0.70383,0.243685,-0.0063662,0.0063662,0.0063662,-0.0063662,-0.0063662,-1,0,1,0
37.3052,0.321208,0.281691,0.150602,0.278319,0.702094,0.235491,-0.0063662,0.0063662,0.0063662,-0.0063662,-0.0063662,-1,0,1,0
37.5719,0.321208,0.281691,0.150602,0.278319,0.702094,0.235491,-0.0063662,0.0063662,0.0063662,-0.0063662,-0.0063662,-1,0,1,0
37.864,0.320222,0.283219,0.139869,0.2799,0.703491,0.226281,-0.0063662,0.0063662,0.0063662,-0.0063662,-0.0063662,-1,0,1,0
38.1617,0.320583,0.28364,0.128703,0.275611,0.702651,0.207747,-0.0063662,0.0063662,0.0063662,-0.0063662,-0.0063662,-1,0,1,0
38.4585,0.320947,0.284065,0.117432,0.275783,0.705061,0.198416,-0.0063662,0.0063662,0.0063662,-0.0063662,-0.0063662,-1,0,1,0
38.7211,0.317107,0.282505,0.118437,0.278613,0.702722,0.199183,-0.0063662,0.0063662,0.0063662,-0.0063662,-0.0063662,-1,0,1,0
39.0214,0.315744,0.283635,0.118797,0.276445,0.702296,0.18971,-0.0063662,0.0063662,0.0063662,-0.0063662,-0.0063662,-1,0,1,0
39.3163,0.316082,0.284061,0.107413,0.276445,0.702296,0.18971,-0.0063662,0.0063662,0.0063662,-0.0063662,-0.0063662,-1,0,1,0
39.6135,0.316082,0.284061,0.107413,0.276621,0.704725,0.180216,-0.0063662,0.0063662,0.0063662,-0.0063662,-0.0063662,-1,0,1,0
39.9108,0.314151,0.281694,0.0978819,0.275863,0.702937,0.171546,-0.0063662,0.0063662,0.0063662,-0.0063662,-0.0063662,-1,0,1,0
40.2078,0.315526,0.280551,0.0974993,0.277474,0.704383,0.161689,-0.0063662,0.0063662,0.0063662,-0.0063662,-0.0063662,-1,0,1,0
40.5038,0.314482,0.282112,0.0862799,0.275089,0.701499,0.161623,-0.0063662,0.0063662,0.0063662,-0.0063662,-0.0063662,-1,0,1,0
40.8044,0.314482,0.282112,0.0862799,0.275089,0.701499,0.161623,-0.0063662,0.0063662,0.0063662,-0.0063662,-0.0063662,-1,0,1,0
41.0652,0.314482,0.282112,0.0862799,0.272865,0.701061,0.151807,-0.0063662,0.0063662,0.0063662,-0.0063662,-0.0063662,-1,0,1,0
41.3643,0.315865,0.28096,0.0858816,0.274484,0.702504,0.14182,-0.0063662,0.0063662,0.0063662,-0.0063662,-0.0063662,-1,0,1,0
41.6592,0.3065,0.284488,0.0753613,0.278158,0.701565,0.152664,-0.0063662,0.0063662,0.0063662,-0.0063662,-0.0063662,-1,0,1,0
41.957,0.3065,0.284488,0.0753613,0.278533,0.706525,0.132907,-0.0063662,0.0063662,0.0063662,-0.0063662,-0.0063662,-1,0,1,0
42.2557,0.3065,0.284488,0.0753613,0.276114,0.703605,0.132821,-0.0063662,0.0063662,0.0063662,-0.0063662,-0.0063662,-1,0,1,0
42.556,0.3065,0.284488,0.0753613,0.276327,0.705715,0.124216,-0.0063662,0.0063662,0.0063662,-0.0063662,-0.0063662,-1,0,1,0
42.8473,0.3065,0.284488,0.0753613,0.275506,0.704645,0.112435,-0.0063662,0.0063662,0.0063662,-0.0063662,-0.0063662,-1,0,1,0
43.1782,0.30679,0.284924,0.063521,0.27403,0.705685,0.112597,-0.0063662,0.0063662,0.0063662,-0.0063662,-0.0063662,-1,0,1,0
43.4053,0.308186,0.283762,0.0631125,0.275681,0.707176,0.102206,-0.0063662,0.0063662,0.0063662,-0.0063662,-0.0063662,-1,0,1,0
43.7046,0.30679,0.284924,0.063521,0.275506,0.704645,0.112435,-0.0063662,0.0063662,0.0063662,-0.0063662,-0.0063662,-1,0,1,0
44.005,0.30679,0.284924,0.063521,0.276985,0.703244,0.113428,-0.0063662,0.0063662,0.0063662,-0.0063662,-0.0063662,-1,0,1,0
44.3046,0.30679,0.284924,0.063521,0.273393,0.706757,0.0917994,-0.0063662,0.0063662,0.0063662,-0.0063662,-0.0063662,-1,0,1,0
44.5963,0.3065,0.284488,0.0753613,0.277168,0.705767,0.103222,-0.0063662,0.0063662,0.0063662,-0.0063662,-0.0063662,-1,0,1,0
44.8937,0.300469,0.289271,0.0741509,0.279819,0.711281,0.0930498,-0.0063662,0.0063662,0.0063662,-0.0063662,-0.0063662,-1,0,1,0
45.1977,0.300469,0.289271,0.0741509,0.279825,0.711641,0.0918987,-0.0063662,0.0063662,0.0063662,-0.0063662,-0.0063662,-1,0,1,0
45.5913,0.300469,0.289271,0.0741509,0.276035,0.712308,0.0814762,-0.0063662,0.0063662,0.0063662,-0.0063662,-0.0063662,-1,0,1,0
46.0506,0.300469,0.289271,0.0741509,0.277353,0.708312,0.0929262,-0.0063662,0.0063662,0.0063662,-0.0063662,-0.0063662,-1,0,1,0
46.3446,0.300469,0.289271,0.0741509,0.278151,0.709755,0.103612,-0.0063662,0.0063662,0.0063662,-0.0063662,-0.0063662,-1,0,1,0
46.8745,0.300469,0.289271,0.0741509,0.278841,0.707264,0.0927331,-0.0063662,0.0063662,0.0063662,-0.0063662,-0.0063662,-1,0,1,0
47.3464,0.300469,0.289271,0.0741509,0.281308,0.710234,0.0928475,-0.0063662,0.0063662,0.0063662,-0.0063662,-0.0063662,-1,0,1,0
47.7376,0.298436,0.286892,0.0643188,0.279819,0.711281,0.0930498,-0.0063662,0.0063662,0.0063662,-0.0063662,-0.0063662,-1,0,1,0
48.0282,0.290984,0.292864,0.0635609,0.2825,0.716837,0.0828457,-0.0063662,0.0063662,0.0063662,-0.0063662,-0.0063662,-1,0,1,0
48.2967,0.29237,0.291701,0.0630806,0.283995,0.715787,0.0826193,-0.0063662,0.0063662,0.0063662,-0.0063662,-0.0063662,-1,0,1,0
48.5889,0.29237,0.291701,0.0630806,0.283995,0.715787,0.0826193,-0.0063662,0.0063662,0.0063662,-0.0063662,-0.0063662,-1,0,1,0
48.8845,0.294433,0.294059,0.0729242,0.2825,0.716837,0.0828457,-0.0063662,0.0063662,0.0063662,-0.0063662,-0.0063662,-1,0,1,0
49.1879,0.293052,0.295216,0.0733949,0.283995,0.715787,0.0826193,-0.0063662,0.0063662,0.0063662,-0.0063662,-0.0063662,-1,0,1,0
49.5819,0.294433,0.294059,0.0729242,0.283995,0.715787,0.0826193,-0.0063662,0.0063662,0.0063662,-0.0063662,-0.0063662,-1,0,1,0
49.9765,0.294433,0.294059,0.0729242,0.2825,0.716837,0.0828457,-0.0063662,0.0063662,0.0063662,-0.0063662,-0.0063662,-1,0,1,0
